CLIMATE_IDENTIFIER,CSDUID,CSDNAME,PRUID,PRNAME,CDUID,CDNAME
3010010,4813036,Thorhild County,48,Alberta,4813,Division No. 13
3010060,4807049,Wainwright No. 61,48,Alberta,4807,Division No.  7
3010162,4807011,Paintearth County No. 18,48,Alberta,4807,Division No.  7
3010237,4810058,Lamont County,48,Alberta,4810,Division No. 10
3010650,4807031,Flagstaff County,48,Alberta,4807,Division No.  7
3010730,4807001,Provost No. 52,48,Alberta,4807,Division No.  7
3010816,4811032,Brazeau County,48,Alberta,4811,Division No. 11
3010979,4813028,Westlock County,48,Alberta,4813,Division No. 13
3010992,4807001,Provost No. 52,48,Alberta,4807,Division No.  7
3011240,4810001,Camrose County,48,Alberta,4810,Division No. 10
3011815,4804020,Special Area No. 4,48,Alberta,4804,Division No.  4
3011887,4807011,Paintearth County No. 18,48,Alberta,4807,Division No.  7
3011892,4808038,Ponoka County,48,Alberta,4808,Division No.  8
3012050,4808001,Red Deer County,48,Alberta,4808,Division No.  8
3012073,4810036,Vermilion River County,48,Alberta,4810,Division No. 10
3012192,4807049,Wainwright No. 61,48,Alberta,4807,Division No.  7
3012206,4811012,Leduc County,48,Alberta,4811,Division No. 11
3012209,4811061,Edmonton,48,Alberta,4811,Division No. 11
3012212,4811059,Sturgeon County,48,Alberta,4811,Division No. 11
3012216,4811012,Leduc County,48,Alberta,4811,Division No. 11
3012220,4811061,Edmonton,48,Alberta,4811,Division No. 11
3012229,4811059,Sturgeon County,48,Alberta,4811,Division No. 11
301222F,4811034,Parkland County,48,Alberta,4811,Division No. 11
3012275,4810068,Improvement District No. 13 Elk Island,48,Alberta,4810,Division No. 10
3012515,4807049,Wainwright No. 61,48,Alberta,4807,Division No.  7
3012590,4810001,Camrose County,48,Alberta,4810,Division No. 10
3012635,4807011,Paintearth County No. 18,48,Alberta,4807,Division No.  7
3012653,4807031,Flagstaff County,48,Alberta,4807,Division No.  7
3012710,4811056,Fort Saskatchewan,48,Alberta,4811,Division No. 11
3012790,4807049,Wainwright No. 61,48,Alberta,4807,Division No.  7
3012799,4811012,Leduc County,48,Alberta,4811,Division No. 11
3012810,4807031,Flagstaff County,48,Alberta,4807,Division No.  7
3012818,4813001,Lac Ste. Anne County,48,Alberta,4813,Division No. 13
3012871,4804020,Special Area No. 4,48,Alberta,4804,Division No.  4
3012999,4807011,Paintearth County No. 18,48,Alberta,4807,Division No.  7
3013140,4804020,Special Area No. 4,48,Alberta,4804,Division No.  4
3013340,4810016,Beaver County,48,Alberta,4810,Division No. 10
3013362,4807001,Provost No. 52,48,Alberta,4807,Division No.  7
3013640,4807031,Flagstaff County,48,Alberta,4807,Division No.  7
3013644,4807001,Provost No. 52,48,Alberta,4807,Division No.  7
3013647,4810016,Beaver County,48,Alberta,4810,Division No. 10
3013660,4810036,Vermilion River County,48,Alberta,4810,Division No. 10
3013790,4811059,Sturgeon County,48,Alberta,4811,Division No. 11
3013921,4812014,St. Paul County No. 19,48,Alberta,4812,Division No. 12
3013959,4810039,Lloydminster (Part),48,Alberta,4810,Division No. 10
3013961,4810039,Lloydminster (Part),48,Alberta,4810,Division No. 10
3014195,4810026,Minburn County No. 27,48,Alberta,4810,Division No. 10
3014600,4804020,Special Area No. 4,48,Alberta,4804,Division No.  4
3014665,4810058,Lamont County,48,Alberta,4810,Division No. 10
3014690,4810048,Two Hills County No. 21,48,Alberta,4810,Division No. 10
3014795,4811012,Leduc County,48,Alberta,4811,Division No. 11
3014921,4811061,Edmonton,48,Alberta,4811,Division No. 11
3015346,4813036,Thorhild County,48,Alberta,4813,Division No. 13
3015401,4810026,Minburn County No. 27,48,Alberta,4810,Division No. 10
3015480,4807049,Wainwright No. 61,48,Alberta,4807,Division No.  7
3015501,4810036,Vermilion River County,48,Alberta,4810,Division No. 10
3015523,4809002,Clearwater County,48,Alberta,4809,Division No.  9
3015600,4810001,Camrose County,48,Alberta,4810,Division No. 10
3015673,4812014,St. Paul County No. 19,48,Alberta,4812,Division No. 12
3015676,4812014,St. Paul County No. 19,48,Alberta,4812,Division No. 12
3015797,4804012,Special Area No. 3,48,Alberta,4804,Division No.  4
3015900,4810016,Beaver County,48,Alberta,4810,Division No. 10
3016022,4812022,Smoky Lake County,48,Alberta,4812,Division No. 12
3016070,4804004,Special Area No. 2,48,Alberta,4804,Division No.  4
3016124,4807019,Stettler County No. 6,48,Alberta,4807,Division No.  7
3016441,4811012,Leduc County,48,Alberta,4811,Division No. 11
3016505,4811034,Parkland County,48,Alberta,4811,Division No. 11
3016593,4810036,Vermilion River County,48,Alberta,4810,Division No. 10
3016650,4811052,Strathcona County,48,Alberta,4811,Division No. 11
3016655,4810048,Two Hills County No. 21,48,Alberta,4810,Division No. 10
3016802,4810042,Vermilion,48,Alberta,4810,Division No. 10
3016841,4810016,Beaver County,48,Alberta,4810,Division No. 10
3016852,4812022,Smoky Lake County,48,Alberta,4812,Division No. 12
3016860,4811032,Brazeau County,48,Alberta,4811,Division No. 11
3016GF0,4810028,Vegreville,48,Alberta,4810,Division No. 10
3017282,4811001,Wetaskiwin County No. 10,48,Alberta,4811,Division No. 11
3017705,4804012,Special Area No. 3,48,Alberta,4804,Division No.  4
301A001,4811034,Parkland County,48,Alberta,4811,Division No. 11
301B460,4804012,Special Area No. 3,48,Alberta,4804,Division No.  4
301S001,4807049,Wainwright No. 61,48,Alberta,4807,Division No.  7
3020035,4804001,Acadia No. 34,48,Alberta,4804,Division No.  4
3020405,4804004,Special Area No. 2,48,Alberta,4804,Division No.  4
3020610,4805012,Wheatland County,48,Alberta,4805,Division No.  5
3020679,4807019,Stettler County No. 6,48,Alberta,4807,Division No.  7
3020950,4804004,Special Area No. 2,48,Alberta,4804,Division No.  4
3021000,4804012,Special Area No. 3,48,Alberta,4804,Division No.  4
3021200,4804012,Special Area No. 3,48,Alberta,4804,Division No.  4
3021463,4804012,Special Area No. 3,48,Alberta,4804,Division No.  4
3021912,4805031,Starland County,48,Alberta,4805,Division No.  5
30221LG,4805026,Drumheller,48,Alberta,4805,Division No.  5
3022650,4802031,Newell County,48,Alberta,4802,Division No.  2
3022990,4804004,Special Area No. 2,48,Alberta,4804,Division No.  4
3023200,4809002,Clearwater County,48,Alberta,4809,Division No.  9
3023402,4805012,Wheatland County,48,Alberta,4805,Division No.  5
3023660,4804020,Special Area No. 4,48,Alberta,4804,Division No.  4
3023722,4808022,Lacombe County,48,Alberta,4808,Division No.  8
3023740,4809002,Clearwater County,48,Alberta,4809,Division No.  9
3023850,4805041,Kneehill County,48,Alberta,4805,Division No.  5
3023900,4801003,Cypress County,48,Alberta,4801,Division No.  1
3024668,4805031,Starland County,48,Alberta,4805,Division No.  5
3024925,4806028,Mountain View County,48,Alberta,4806,Division No.  6
3024965,4804012,Special Area No. 3,48,Alberta,4804,Division No.  4
3025013,4802031,Newell County,48,Alberta,4802,Division No.  2
3025243,4804004,Special Area No. 2,48,Alberta,4804,Division No.  4
3025297,4808022,Lacombe County,48,Alberta,4808,Division No.  8
3025481,4808001,Red Deer County,48,Alberta,4808,Division No.  8
3025750,4811059,Sturgeon County,48,Alberta,4811,Division No. 11
3025768,4801003,Cypress County,48,Alberta,4801,Division No.  1
3025890,4804004,Special Area No. 2,48,Alberta,4804,Division No.  4
3026264,4804004,Special Area No. 2,48,Alberta,4804,Division No.  4
3026479,4805041,Kneehill County,48,Alberta,4805,Division No.  5
3026800,4802031,Newell County,48,Alberta,4802,Division No.  2
3026KNQ,4806028,Mountain View County,48,Alberta,4806,Division No.  6
3027582,4805041,Kneehill County,48,Alberta,4805,Division No.  5
3030200,4803018,Willow Creek No. 26,48,Alberta,4803,Division No.  3
3030450,4806001,Foothills No. 31,48,Alberta,4806,Division No.  6
3030525,4802021,Taber,48,Alberta,4802,Division No.  2
3030529,4802011,Lethbridge County,48,Alberta,4802,Division No.  2
3030540,4802031,Newell County,48,Alberta,4802,Division No.  2
3030680,4806001,Foothills No. 31,48,Alberta,4806,Division No.  6
3030690,4806001,Foothills No. 31,48,Alberta,4806,Division No.  6
3030720,4803001,Cardston County,48,Alberta,4803,Division No.  3
3030768,4801008,Forty Mile County No. 8,48,Alberta,4801,Division No.  1
3030772,4801014,Bow Island,48,Alberta,4801,Division No.  1
3030772,4801008,Forty Mile County No. 8,48,Alberta,4801,Division No.  1
3030830,4803801,Piikani 147,48,Alberta,4803,Division No.  3
3030879,4801003,Cypress County,48,Alberta,4801,Division No.  1
3030QLP,4802031,Newell County,48,Alberta,4802,Division No.  2
3031092,4806016,Calgary,48,Alberta,4806,Division No.  6
3031094,4806016,Calgary,48,Alberta,4806,Division No.  6
3031109,4806014,Rocky View County,48,Alberta,4806,Division No.  6
3031322,4803001,Cardston County,48,Alberta,4803,Division No.  3
3031402,4803001,Cardston County,48,Alberta,4803,Division No.  3
3031480,4805001,Vulcan County,48,Alberta,4805,Division No.  5
3031640,4803018,Willow Creek No. 26,48,Alberta,4803,Division No.  3
3031875,4806016,Calgary,48,Alberta,4806,Division No.  6
3032422,4802021,Taber,48,Alberta,4802,Division No.  2
3032450,4801008,Forty Mile County No. 8,48,Alberta,4801,Division No.  1
3032550,4802021,Taber,48,Alberta,4802,Division No.  2
3032642,4801008,Forty Mile County No. 8,48,Alberta,4801,Division No.  1
3032683,4803018,Willow Creek No. 26,48,Alberta,4803,Division No.  3
3032801,4805012,Wheatland County,48,Alberta,4805,Division No.  5
3032818,4803802,Blood 148,48,Alberta,4803,Division No.  3
3032927,4802021,Taber,48,Alberta,4802,Division No.  2
3033498,4802018,Picture Butte,48,Alberta,4802,Division No.  2
3033505,4806001,Foothills No. 31,48,Alberta,4806,Division No.  6
3033550,4801003,Cypress County,48,Alberta,4801,Division No.  1
3033620,4806014,Rocky View County,48,Alberta,4806,Division No.  6
3033770,4802031,Newell County,48,Alberta,4802,Division No.  2
3033875,4802011,Lethbridge County,48,Alberta,4802,Division No.  2
3033877,4802012,Lethbridge,48,Alberta,4802,Division No.  2
3033890,4802011,Lethbridge County,48,Alberta,4802,Division No.  2
3033892,4802012,Lethbridge,48,Alberta,4802,Division No.  2
3033897,4802011,Lethbridge County,48,Alberta,4802,Division No.  2
3034479,4801006,Medicine Hat,48,Alberta,4801,Division No.  1
3034485,4801006,Medicine Hat,48,Alberta,4801,Division No.  1
3034577,4805001,Vulcan County,48,Alberta,4805,Division No.  5
3034795,4806014,Rocky View County,48,Alberta,4806,Division No.  6
3035198,4803011,Pincher Creek No. 9,48,Alberta,4803,Division No.  3
3035208,4803011,Pincher Creek No. 9,48,Alberta,4803,Division No.  3
3035340,4805001,Vulcan County,48,Alberta,4805,Division No.  5
3035342,4805001,Vulcan County,48,Alberta,4805,Division No.  5
3035355,4802031,Newell County,48,Alberta,4802,Division No.  2
3035362,4801003,Cypress County,48,Alberta,4801,Division No.  1
3035422,4802001,Warner County No. 5,48,Alberta,4802,Division No.  2
3035530,4802031,Newell County,48,Alberta,4802,Division No.  2
3035650,4802031,Newell County,48,Alberta,4802,Division No.  2
3035845,4801003,Cypress County,48,Alberta,4801,Division No.  1
3036040,4804004,Special Area No. 2,48,Alberta,4804,Division No.  4
3036086,4805012,Wheatland County,48,Alberta,4805,Division No.  5
3036099,4803018,Willow Creek No. 26,48,Alberta,4803,Division No.  3
3036205,4805012,Wheatland County,48,Alberta,4805,Division No.  5
3036360,4802022,Taber,48,Alberta,4802,Division No.  2
3036485,4801003,Cypress County,48,Alberta,4801,Division No.  1
3036500,4805001,Vulcan County,48,Alberta,4805,Division No.  5
3036682,4802021,Taber,48,Alberta,4802,Division No.  2
3037675,4802001,Warner County No. 5,48,Alberta,4802,Division No.  2
303M9JM,4806012,Okotoks,48,Alberta,4806,Division No.  6
303N1G3,4802018,Picture Butte,48,Alberta,4802,Division No.  2
3042045,4803001,Cardston County,48,Alberta,4803,Division No.  3
3044203,4801008,Forty Mile County No. 8,48,Alberta,4801,Division No.  1
3044232,4802001,Warner County No. 5,48,Alberta,4802,Division No.  2
3044533,4802001,Warner County No. 5,48,Alberta,4802,Division No.  2
3044545,4802001,Warner County No. 5,48,Alberta,4802,Division No.  2
3044923,4801003,Cypress County,48,Alberta,4801,Division No.  1
3045000,4801008,Forty Mile County No. 8,48,Alberta,4801,Division No.  1
3045100,4801008,Forty Mile County No. 8,48,Alberta,4801,Division No.  1
3046951,4802001,Warner County No. 5,48,Alberta,4802,Division No.  2
3050519,4815032,Improvement District No.  9 Banff,48,Alberta,4815,Division No. 15
3050602,4803011,Pincher Creek No. 9,48,Alberta,4803,Division No.  3
3050778,4815013,Kananaskis,48,Alberta,4815,Division No. 15
3050960,4803802,Blood 148,48,Alberta,4803,Division No.  3
3050965,4803001,Cardston County,48,Alberta,4803,Division No.  3
3051R4R,4815007,Crowsnest Pass,48,Alberta,4815,Division No. 15
3053536,4815033,Jasper,48,Alberta,4815,Division No. 15
3053600,4815013,Kananaskis,48,Alberta,4815,Division No. 15
3054843,4809002,Clearwater County,48,Alberta,4809,Division No.  9
3055119,4806001,Foothills No. 31,48,Alberta,4806,Division No.  6
3056100,4803001,Cardston County,48,Alberta,4803,Division No.  3
3056214,4803003,Improvement District No.  4 Waterton,48,Alberta,4803,Division No.  3
3057376,4813029,Woodlands County,48,Alberta,4813,Division No. 13
305MGFF,4815013,Kananaskis,48,Alberta,4815,Division No. 15
3060330,4813044,Athabasca County,48,Alberta,4813,Division No. 13
3060406,4813044,Athabasca County,48,Alberta,4813,Division No. 13
3060535,4813018,Barrhead County No. 11,48,Alberta,4813,Division No. 13
3060903,4814003,Yellowhead County,48,Alberta,4814,Division No. 14
3060L20,4813048,Athabasca,48,Alberta,4813,Division No. 13
3061201,4813018,Barrhead County No. 11,48,Alberta,4813,Division No. 13
3061350,4814003,Yellowhead County,48,Alberta,4814,Division No. 14
3061975,4813028,Westlock County,48,Alberta,4813,Division No. 13
3062239,4814024,Edson,48,Alberta,4814,Division No. 14
3062246,4814024,Edson,48,Alberta,4814,Division No. 14
3062451,4811034,Parkland County,48,Alberta,4811,Division No. 11
3062476,4814003,Yellowhead County,48,Alberta,4814,Division No. 14
3062660,4813029,Woodlands County,48,Alberta,4813,Division No. 13
3062696,4816037,Wood Buffalo,48,Alberta,4816,Division No. 16
3062697,4816037,Wood Buffalo,48,Alberta,4816,Division No. 16
3063135,4814003,Yellowhead County,48,Alberta,4814,Division No. 14
3063165,4817027,Big Lakes County,48,Alberta,4817,Division No. 17
3063600,4813044,Athabasca County,48,Alberta,4813,Division No. 13
3063640,4813044,Athabasca County,48,Alberta,4813,Division No. 13
3063686,4812037,Lac la Biche County,48,Alberta,4812,Division No. 12
3064528,4816037,Wood Buffalo,48,Alberta,4816,Division No. 16
3065200,4813044,Athabasca County,48,Alberta,4813,Division No. 13
3065475,4812037,Lac la Biche County,48,Alberta,4812,Division No. 12
3065712,4810048,Two Hills County No. 21,48,Alberta,4810,Division No. 10
3065995,4817029,Slave Lake,48,Alberta,4817,Division No. 17
3065997,4817029,Slave Lake,48,Alberta,4817,Division No. 17
3066367,4813028,Westlock County,48,Alberta,4813,Division No. 13
306GE70,4815037,Improvement District No. 12 Jasper Park,48,Alberta,4815,Division No. 15
3070495,4819041,Smoky River No. 130,48,Alberta,4819,Division No. 19
3070600,4819006,Grande Prairie County No. 1,48,Alberta,4819,Division No. 19
3070800,4819071,Peace No. 135,48,Alberta,4819,Division No. 19
3071661,4817076,Northern Lights County,48,Alberta,4817,Division No. 17
3071957,4817076,Northern Lights County,48,Alberta,4817,Division No. 17
3072151,4819049,Birch Hills County,48,Alberta,4819,Division No. 19
3072246,4816037,Wood Buffalo,48,Alberta,4816,Division No. 16
3072525,4819066,Fairview No. 136,48,Alberta,4819,Division No. 19
3072655,4816037,Wood Buffalo,48,Alberta,4816,Division No. 16
3072659,4816037,Wood Buffalo,48,Alberta,4816,Division No. 16
3072723,4817095,Mackenzie County,48,Alberta,4817,Division No. 17
3072921,4819012,Grande Prairie,48,Alberta,4819,Division No. 19
3073071,4817076,Northern Lights County,48,Alberta,4817,Division No. 17
3073140,4817095,Mackenzie County,48,Alberta,4817,Division No. 17
3073535,4819041,Smoky River No. 130,48,Alberta,4819,Division No. 19
3073644,4817076,Northern Lights County,48,Alberta,4817,Division No. 17
3073730,4817095,Mackenzie County,48,Alberta,4817,Division No. 17
3073740,4819006,Grande Prairie County No. 1,48,Alberta,4819,Division No. 19
3074190,4817076,Northern Lights County,48,Alberta,4817,Division No. 17
3074935,4817062,Clear Hills,48,Alberta,4817,Division No. 17
3075041,4819071,Peace No. 135,48,Alberta,4819,Division No. 19
3075160,4819049,Birch Hills County,48,Alberta,4819,Division No. 19
3075488,4817031,Opportunity No. 17,48,Alberta,4817,Division No. 17
3075550,4817095,Mackenzie County,48,Alberta,4817,Division No. 17
3075601,4819054,Spirit River No. 133,48,Alberta,4819,Division No. 19
3075770,4819059,Saddle Hills County,48,Alberta,4819,Division No. 19
3075937,4818015,Greenview No. 16,48,Alberta,4818,Division No. 18
3076330,4816051,Improvement District No. 24 Wood Buffalo,48,Alberta,4816,Division No. 16
3076366,4819006,Grande Prairie County No. 1,48,Alberta,4819,Division No. 19
3076530,4817095,Mackenzie County,48,Alberta,4817,Division No. 17
3076680,4818015,Greenview No. 16,48,Alberta,4818,Division No. 18
3081680,4812002,Cold Lake,48,Alberta,4812,Division No. 12
3081690,4812004,Bonnyville No. 87,48,Alberta,4812,Division No. 12
1011500,5919008,North Cowichan,59,British Columbia / Colombie-Britannique,5919,Cowichan Valley
1012475,5917054,Juan de Fuca (Part 1),59,British Columbia / Colombie-Britannique,5917,Capital
1012710,5917054,Juan de Fuca (Part 1),59,British Columbia / Colombie-Britannique,5917,Capital
10130MN,5917029,Southern Gulf Islands,59,British Columbia / Colombie-Britannique,5917,Capital
1014820,5919043,Cowichan Valley A,59,British Columbia / Colombie-Britannique,5919,Cowichan Valley
1015105,5917042,Metchosin,59,British Columbia / Colombie-Britannique,5917,Capital
1015628,5919008,North Cowichan,59,British Columbia / Colombie-Britannique,5919,Cowichan Valley
1015630,5919008,North Cowichan,59,British Columbia / Colombie-Britannique,5919,Cowichan Valley
1015638,5917029,Southern Gulf Islands,59,British Columbia / Colombie-Britannique,5917,Capital
1016335,5917056,Juan de Fuca (Part 2),59,British Columbia / Colombie-Britannique,5917,Capital
1016640,5917042,Metchosin,59,British Columbia / Colombie-Britannique,5917,Capital
1016940,5917005,North Saanich,59,British Columbia / Colombie-Britannique,5917,Capital
1016995,5917027,Saltspring Island,59,British Columbia / Colombie-Britannique,5917,Capital
1016RM0,5917015,Central Saanich,59,British Columbia / Colombie-Britannique,5917,Capital
1017099,5917029,Southern Gulf Islands,59,British Columbia / Colombie-Britannique,5917,Capital
1017101,5917029,Southern Gulf Islands,59,British Columbia / Colombie-Britannique,5917,Capital
1017230,5919046,Cowichan Valley B,59,British Columbia / Colombie-Britannique,5919,Cowichan Valley
1017254,5917054,Juan de Fuca (Part 1),59,British Columbia / Colombie-Britannique,5917,Capital
1018598,5917030,Oak Bay,59,British Columbia / Colombie-Britannique,5917,Capital
1018611,5917034,Victoria,59,British Columbia / Colombie-Britannique,5917,Capital
1018621,5917005,North Saanich,59,British Columbia / Colombie-Britannique,5917,Capital
1018633,5917034,Victoria,59,British Columbia / Colombie-Britannique,5917,Capital
1020590,5921030,Nanaimo E,59,British Columbia / Colombie-Britannique,5921,Nanaimo
1021261,5924034,Campbell River,59,British Columbia / Colombie-Britannique,5924,Strathcona
1021270,5924034,Campbell River,59,British Columbia / Colombie-Britannique,5924,Strathcona
1021330,5924817,Cape Mudge 10,59,British Columbia / Colombie-Britannique,5924,Strathcona
1021480,5924048,Strathcona A,59,British Columbia / Colombie-Britannique,5924,Strathcona
1021830,5926005,Comox,59,British Columbia / Colombie-Britannique,5926,Comox Valley
1021989,5926024,Comox Valley C (Puntledge - Black Creek),59,British Columbia / Colombie-Britannique,5926,Comox Valley
1022689,5921014,Nanaimo B,59,British Columbia / Colombie-Britannique,5921,Nanaimo
1022795,5924054,Strathcona C,59,British Columbia / Colombie-Britannique,5924,Strathcona
1023462,5924054,Strathcona C,59,British Columbia / Colombie-Britannique,5924,Strathcona
1024638,5921034,Nanaimo G,59,British Columbia / Colombie-Britannique,5921,Nanaimo
1025365,5919015,Cowichan Valley G,59,British Columbia / Colombie-Britannique,5919,Cowichan Valley
1025369,5919015,Cowichan Valley G,59,British Columbia / Colombie-Britannique,5919,Cowichan Valley
10253G0,5921007,Nanaimo,59,British Columbia / Colombie-Britannique,5921,Nanaimo
1026271,5943023,Port Hardy,59,British Columbia / Colombie-Britannique,5943,Mount Waddington
1026562,5921023,Qualicum Beach,59,British Columbia / Colombie-Britannique,5921,Nanaimo
1027403,5927020,Powell River E,59,British Columbia / Colombie-Britannique,5927,Powell River
102BFHH,5921014,Nanaimo B,59,British Columbia / Colombie-Britannique,5921,Nanaimo
1031316,5923047,Alberni-Clayoquot A,59,British Columbia / Colombie-Britannique,5923,Alberni-Clayoquot
1032730,5923049,Alberni-Clayoquot C,59,British Columbia / Colombie-Britannique,5923,Alberni-Clayoquot
1032731,5923049,Alberni-Clayoquot C,59,British Columbia / Colombie-Britannique,5923,Alberni-Clayoquot
1034600,5923049,Alberni-Clayoquot C,59,British Columbia / Colombie-Britannique,5923,Alberni-Clayoquot
1035612,5923047,Alberni-Clayoquot A,59,British Columbia / Colombie-Britannique,5923,Alberni-Clayoquot
1035614,5924048,Strathcona A,59,British Columbia / Colombie-Britannique,5924,Strathcona
1035940,5923047,Alberni-Clayoquot A,59,British Columbia / Colombie-Britannique,5923,Alberni-Clayoquot
1036570,5943027,Mount Waddington B,59,British Columbia / Colombie-Britannique,5943,Mount Waddington
1036572,5943027,Mount Waddington B,59,British Columbia / Colombie-Britannique,5943,Mount Waddington
1036B06,5923035,Alberni-Clayoquot D,59,British Columbia / Colombie-Britannique,5923,Alberni-Clayoquot
1037090,5943027,Mount Waddington B,59,British Columbia / Colombie-Britannique,5943,Mount Waddington
1037553,5924048,Strathcona A,59,British Columbia / Colombie-Britannique,5924,Strathcona
1037899,5924030,Tahsis,59,British Columbia / Colombie-Britannique,5924,Strathcona
1038205,5923049,Alberni-Clayoquot C,59,British Columbia / Colombie-Britannique,5923,Alberni-Clayoquot
1038210,5923049,Alberni-Clayoquot C,59,British Columbia / Colombie-Britannique,5923,Alberni-Clayoquot
1038332,5923049,Alberni-Clayoquot C,59,British Columbia / Colombie-Britannique,5923,Alberni-Clayoquot
1039035,5924048,Strathcona A,59,British Columbia / Colombie-Britannique,5924,Strathcona
104091B,5915062,Bowen Island,59,British Columbia / Colombie-Britannique,5915,Greater Vancouver
1043152,5929026,Sunshine Coast E,59,British Columbia / Colombie-Britannique,5929,Sunshine Coast
1045100,5929022,Sunshine Coast B,59,British Columbia / Colombie-Britannique,5929,Sunshine Coast
10459NN,5929028,Sunshine Coast F,59,British Columbia / Colombie-Britannique,5929,Sunshine Coast
1046115,5929018,Sunshine Coast A,59,British Columbia / Colombie-Britannique,5929,Sunshine Coast
1046332,5929028,Sunshine Coast F,59,British Columbia / Colombie-Britannique,5929,Sunshine Coast
1046391,5927008,Powell River,59,British Columbia / Colombie-Britannique,5927,Powell River
1046392,5927008,Powell River,59,British Columbia / Colombie-Britannique,5927,Powell River
1046396,5927008,Powell River,59,British Columbia / Colombie-Britannique,5927,Powell River
1047172,5929011,Sechelt,59,British Columbia / Colombie-Britannique,5929,Sunshine Coast
10476F0,5931006,Squamish,59,British Columbia / Colombie-Britannique,5931,Squamish-Lillooet
1048898,5931020,Whistler,59,British Columbia / Colombie-Britannique,5931,Squamish-Lillooet
1054222,5947027,Skeena-Queen Charlotte D,59,British Columbia / Colombie-Britannique,5947,Skeena-Queen Charlotte
1054500,5947027,Skeena-Queen Charlotte D,59,British Columbia / Colombie-Britannique,5947,Skeena-Queen Charlotte
1054503,5947027,Skeena-Queen Charlotte D,59,British Columbia / Colombie-Britannique,5947,Skeena-Queen Charlotte
1054929,5947023,Masset,59,British Columbia / Colombie-Britannique,5947,Skeena-Queen Charlotte
1056869,5947027,Skeena-Queen Charlotte D,59,British Columbia / Colombie-Britannique,5947,Skeena-Queen Charlotte
1057051,5947032,Skeena-Queen Charlotte E,59,British Columbia / Colombie-Britannique,5947,Skeena-Queen Charlotte
1057052,5947032,Skeena-Queen Charlotte E,59,British Columbia / Colombie-Britannique,5947,Skeena-Queen Charlotte
1060080,5945006,Central Coast A,59,British Columbia / Colombie-Britannique,5945,Central Coast
1060815,5945006,Central Coast A,59,British Columbia / Colombie-Britannique,5945,Central Coast
1060844,5945012,Central Coast D,59,British Columbia / Colombie-Britannique,5945,Central Coast
1060848,5945012,Central Coast D,59,British Columbia / Colombie-Britannique,5945,Central Coast
1060901,5949020,Kitimat-Stikine C (Part 2),59,British Columbia / Colombie-Britannique,5949,Kitimat-Stikine
1060902,5947021,Skeena-Queen Charlotte C,59,British Columbia / Colombie-Britannique,5947,Skeena-Queen Charlotte
1060R0K,5947021,Skeena-Queen Charlotte C,59,British Columbia / Colombie-Britannique,5947,Skeena-Queen Charlotte
1061458,5945006,Central Coast A,59,British Columbia / Colombie-Britannique,5945,Central Coast
1062251,5947032,Skeena-Queen Charlotte E,59,British Columbia / Colombie-Britannique,5947,Skeena-Queen Charlotte
1062544,5945006,Central Coast A,59,British Columbia / Colombie-Britannique,5945,Central Coast
1062646,5945006,Central Coast A,59,British Columbia / Colombie-Britannique,5945,Central Coast
1063298,5947016,Skeena-Queen Charlotte A,59,British Columbia / Colombie-Britannique,5947,Skeena-Queen Charlotte
1063303,5947016,Skeena-Queen Charlotte A,59,British Columbia / Colombie-Britannique,5947,Skeena-Queen Charlotte
1063461,5943037,Mount Waddington A,59,British Columbia / Colombie-Britannique,5943,Mount Waddington
1063496,5947021,Skeena-Queen Charlotte C,59,British Columbia / Colombie-Britannique,5947,Skeena-Queen Charlotte
1063690,5945006,Central Coast A,59,British Columbia / Colombie-Britannique,5945,Central Coast
1064020,5949020,Kitimat-Stikine C (Part 2),59,British Columbia / Colombie-Britannique,5949,Kitimat-Stikine
1064320,5949005,Kitimat,59,British Columbia / Colombie-Britannique,5949,Kitimat-Stikine
1064321,5949005,Kitimat,59,British Columbia / Colombie-Britannique,5949,Kitimat-Stikine
1064728,5947016,Skeena-Queen Charlotte A,59,British Columbia / Colombie-Britannique,5947,Skeena-Queen Charlotte
1065010,5949020,Kitimat-Stikine C (Part 2),59,British Columbia / Colombie-Britannique,5949,Kitimat-Stikine
1066482,5947016,Skeena-Queen Charlotte A,59,British Columbia / Colombie-Britannique,5947,Skeena-Queen Charlotte
1066488,5947012,Prince Rupert,59,British Columbia / Colombie-Britannique,5947,Skeena-Queen Charlotte
1067748,5949032,Stewart,59,British Columbia / Colombie-Britannique,5949,Kitimat-Stikine
1068131,5949011,Terrace,59,British Columbia / Colombie-Britannique,5949,Kitimat-Stikine
1068134,5949011,Terrace,59,British Columbia / Colombie-Britannique,5949,Kitimat-Stikine
1068250,5947021,Skeena-Queen Charlotte C,59,British Columbia / Colombie-Britannique,5947,Skeena-Queen Charlotte
106D289,5949005,Kitimat,59,British Columbia / Colombie-Britannique,5949,Kitimat-Stikine
1072692,5951028,Bulkley-Nechako B,59,British Columbia / Colombie-Britannique,5951,Bulkley-Nechako
1073615,5951034,Houston,59,British Columbia / Colombie-Britannique,5951,Bulkley-Nechako
1077499,5951043,Smithers,59,British Columbia / Colombie-Britannique,5951,Bulkley-Nechako
1077501,5951043,Smithers,59,British Columbia / Colombie-Britannique,5951,Bulkley-Nechako
107G879,5949028,Kitimat-Stikine B,59,British Columbia / Colombie-Britannique,5949,Kitimat-Stikine
1085836,5951031,Bulkley-Nechako E,59,British Columbia / Colombie-Britannique,5951,Bulkley-Nechako
1086081,5931012,Pemberton,59,British Columbia / Colombie-Britannique,5931,Squamish-Lillooet
1086082,5931012,Pemberton,59,British Columbia / Colombie-Britannique,5931,Squamish-Lillooet
1086558,5941039,Cariboo J,59,British Columbia / Colombie-Britannique,5941,Cariboo
1088015,5941039,Cariboo J,59,British Columbia / Colombie-Britannique,5941,Cariboo
1090660,5941026,Cariboo C,59,British Columbia / Colombie-Britannique,5941,Cariboo
1091174,5951028,Bulkley-Nechako B,59,British Columbia / Colombie-Britannique,5951,Bulkley-Nechako
1092975,5951013,Fort St. James,59,British Columbia / Colombie-Britannique,5951,Bulkley-Nechako
1095018,5941010,Cariboo D,59,British Columbia / Colombie-Britannique,5941,Cariboo
1096439,5953023,Prince George,59,British Columbia / Colombie-Britannique,5953,Fraser-Fort George
1096453,5953023,Prince George,59,British Columbia / Colombie-Britannique,5953,Fraser-Fort George
1096454,5953023,Prince George,59,British Columbia / Colombie-Britannique,5953,Fraser-Fort George
1096468,5953023,Prince George,59,British Columbia / Colombie-Britannique,5953,Fraser-Fort George
1096629,5941013,Quesnel,59,British Columbia / Colombie-Britannique,5941,Cariboo
1096631,5941013,Quesnel,59,British Columbia / Colombie-Britannique,5941,Cariboo
1097646,5941014,Cariboo F,59,British Columbia / Colombie-Britannique,5941,Cariboo
1098941,5941009,Williams Lake,59,British Columbia / Colombie-Britannique,5941,Cariboo
1098D90,5951007,Vanderhoof,59,British Columbia / Colombie-Britannique,5951,Bulkley-Nechako
1100031,5909052,Abbotsford,59,British Columbia / Colombie-Britannique,5909,Fraser Valley
1100032,5909052,Abbotsford,59,British Columbia / Colombie-Britannique,5909,Fraser Valley
1100119,5909032,Kent,59,British Columbia / Colombie-Britannique,5909,Fraser Valley
1100120,5909032,Kent,59,British Columbia / Colombie-Britannique,5909,Fraser Valley
1100875,5931020,Whistler,59,British Columbia / Colombie-Britannique,5931,Squamish-Lillooet
1101158,5915025,Burnaby,59,British Columbia / Colombie-Britannique,5915,Greater Vancouver
1101300,5931021,Squamish-Lillooet D,59,British Columbia / Colombie-Britannique,5931,Squamish-Lillooet
1101708,5915004,Surrey,59,British Columbia / Colombie-Britannique,5915,Greater Vancouver
1102221,5909035,Fraser Valley H,59,British Columbia / Colombie-Britannique,5909,Fraser Valley
1102415,5915011,Delta,59,British Columbia / Colombie-Britannique,5915,Greater Vancouver
1102425,5915011,Delta,59,British Columbia / Colombie-Britannique,5915,Greater Vancouver
1102912,5915001,Langley,59,British Columbia / Colombie-Britannique,5915,Greater Vancouver
1103332,5915075,Maple Ridge,59,British Columbia / Colombie-Britannique,5915,Greater Vancouver
1105192,5909056,Mission,59,British Columbia / Colombie-Britannique,5909,Fraser Valley
1105658,5915020,Greater Vancouver A,59,British Columbia / Colombie-Britannique,5915,Greater Vancouver
1105669,5915020,Greater Vancouver A,59,British Columbia / Colombie-Britannique,5915,Greater Vancouver
1106178,5915070,Pitt Meadows,59,British Columbia / Colombie-Britannique,5915,Greater Vancouver
1106200,5915055,West Vancouver,59,British Columbia / Colombie-Britannique,5915,Greater Vancouver
1106764,5915015,Richmond,59,British Columbia / Colombie-Britannique,5915,Greater Vancouver
1106CL2,5915043,Port Moody,59,British Columbia / Colombie-Britannique,5915,Greater Vancouver
1106PF7,5915015,Richmond,59,British Columbia / Colombie-Britannique,5915,Greater Vancouver
1107010,5915015,Richmond,59,British Columbia / Colombie-Britannique,5915,Greater Vancouver
1107785,5909052,Abbotsford,59,British Columbia / Colombie-Britannique,5909,Fraser Valley
1108380,5915015,Richmond,59,British Columbia / Colombie-Britannique,5915,Greater Vancouver
1108395,5915015,Richmond,59,British Columbia / Colombie-Britannique,5915,Greater Vancouver
1108446,5915020,Greater Vancouver A,59,British Columbia / Colombie-Britannique,5915,Greater Vancouver
1108824,5915020,Greater Vancouver A,59,British Columbia / Colombie-Britannique,5915,Greater Vancouver
1108906,5931020,Whistler,59,British Columbia / Colombie-Britannique,5931,Squamish-Lillooet
1108910,5915007,White Rock,59,British Columbia / Colombie-Britannique,5915,Greater Vancouver
1113542,5909009,Hope,59,British Columbia / Colombie-Britannique,5909,Fraser Valley
1113543,5909009,Hope,59,British Columbia / Colombie-Britannique,5909,Fraser Valley
1113581,5909016,Fraser Valley B,59,British Columbia / Colombie-Britannique,5909,Fraser Valley
1114619,5931034,Squamish-Lillooet B,59,British Columbia / Colombie-Britannique,5931,Squamish-Lillooet
1114738,5933015,Lytton,59,British Columbia / Colombie-Britannique,5933,Thompson-Nicola
1114746,5933015,Lytton,59,British Columbia / Colombie-Britannique,5933,Thompson-Nicola
1123721,5907055,Okanagan-Similkameen H,59,British Columbia / Colombie-Britannique,5907,Okanagan-Similkameen
1123939,5935010,Kelowna,59,British Columbia / Colombie-Britannique,5935,Central Okanagan
1123996,5935010,Kelowna,59,British Columbia / Colombie-Britannique,5935,Central Okanagan
1125073,5933006,Merritt,59,British Columbia / Colombie-Britannique,5933,Thompson-Nicola
1125700,5935016,Lake Country,59,British Columbia / Colombie-Britannique,5935,Central Okanagan
1125766,5907014,Oliver,59,British Columbia / Colombie-Britannique,5907,Okanagan-Similkameen
1125852,5907005,Osoyoos,59,British Columbia / Colombie-Britannique,5907,Okanagan-Similkameen
1126070,5935018,Peachland,59,British Columbia / Colombie-Britannique,5935,Central Okanagan
1126146,5907041,Penticton,59,British Columbia / Colombie-Britannique,5907,Okanagan-Similkameen
1126510,5907024,Princeton,59,British Columbia / Colombie-Britannique,5907,Okanagan-Similkameen
1126518,5907024,Princeton,59,British Columbia / Colombie-Britannique,5907,Okanagan-Similkameen
1128582,5937010,Coldstream,59,British Columbia / Colombie-Britannique,5937,North Okanagan
1128584,5937021,North Okanagan C,59,British Columbia / Colombie-Britannique,5937,North Okanagan
112FN0M,5907024,Princeton,59,British Columbia / Colombie-Britannique,5907,Okanagan-Similkameen
112G8L1,5907035,Summerland,59,British Columbia / Colombie-Britannique,5907,Okanagan-Similkameen
1135126,5905037,Midway,59,British Columbia / Colombie-Britannique,5905,Kootenay Boundary
1140876,5905050,Kootenay Boundary C / Christina Lake,59,British Columbia / Colombie-Britannique,5905,Kootenay Boundary
1141455,5903045,Castlegar,59,British Columbia / Colombie-Britannique,5903,Central Kootenay
1141457,5903058,Central Kootenay J,59,British Columbia / Colombie-Britannique,5903,Central Kootenay
1141460,5903045,Castlegar,59,British Columbia / Colombie-Britannique,5903,Central Kootenay
1142574,5903039,Central Kootenay D,59,British Columbia / Colombie-Britannique,5903,Central Kootenay
1145297,5903060,Central Kootenay K,59,British Columbia / Colombie-Britannique,5903,Central Kootenay
1145442,5903043,Central Kootenay F,59,British Columbia / Colombie-Britannique,5903,Central Kootenay
1145460,5903032,New Denver,59,British Columbia / Colombie-Britannique,5903,Central Kootenay
1145M29,5903015,Nelson,59,British Columbia / Colombie-Britannique,5903,Central Kootenay
1148705,5905014,Trail,59,British Columbia / Colombie-Britannique,5905,Kootenay Boundary
114B1F0,5903017,Central Kootenay C,59,British Columbia / Colombie-Britannique,5903,Central Kootenay
114EMDM,5903043,Central Kootenay F,59,British Columbia / Colombie-Britannique,5903,Central Kootenay
1152105,5901022,Cranbrook,59,British Columbia / Colombie-Britannique,5901,East Kootenay
1152106,5901022,Cranbrook,59,British Columbia / Colombie-Britannique,5901,East Kootenay
1152850,5901012,Fernie,59,British Columbia / Colombie-Britannique,5901,East Kootenay
1153034,5901035,East Kootenay C,59,British Columbia / Colombie-Britannique,5901,East Kootenay
1154203,5901028,Kimberley,59,British Columbia / Colombie-Britannique,5901,East Kootenay
1154410,5901048,East Kootenay G,59,British Columbia / Colombie-Britannique,5901,East Kootenay
1157631,5901006,Sparwood,59,British Columbia / Colombie-Britannique,5901,East Kootenay
1157635,5901017,East Kootenay A,59,British Columbia / Colombie-Britannique,5901,East Kootenay
1160515,5933019,Ashcroft,59,British Columbia / Colombie-Britannique,5933,Thompson-Nicola
1160899,5933070,Thompson-Nicola B (Thompson Headwaters),59,British Columbia / Colombie-Britannique,5933,Thompson-Nicola
1160902,5933070,Thompson-Nicola B (Thompson Headwaters),59,British Columbia / Colombie-Britannique,5933,Thompson-Nicola
1160H99,5933070,Thompson-Nicola B (Thompson Headwaters),59,British Columbia / Colombie-Britannique,5933,Thompson-Nicola
1161650,5933067,Clearwater,59,British Columbia / Colombie-Britannique,5933,Thompson-Nicola
1161662,5933032,Thompson-Nicola E (Bonaparte Plateau),59,British Columbia / Colombie-Britannique,5933,Thompson-Nicola
1161663,5933032,Thompson-Nicola E (Bonaparte Plateau),59,British Columbia / Colombie-Britannique,5933,Thompson-Nicola
1163781,5933042,Kamloops,59,British Columbia / Colombie-Britannique,5933,Thompson-Nicola
1163842,5933042,Kamloops,59,British Columbia / Colombie-Britannique,5933,Thompson-Nicola
1165793,5941016,Cariboo H,59,British Columbia / Colombie-Britannique,5941,Cariboo
1166658,5933039,Thompson-Nicola J (Copper Desert Country),59,British Columbia / Colombie-Britannique,5933,Thompson-Nicola
1167337,5939039,Columbia-Shuswap D,59,British Columbia / Colombie-Britannique,5939,Columbia-Shuswap
1168204,5933045,Sun Peaks Mountain,59,British Columbia / Colombie-Britannique,5933,Thompson-Nicola
1168520,5933068,Thompson-Nicola A (Wells Gray Country),59,British Columbia / Colombie-Britannique,5933,Thompson-Nicola
116C8P0,5933042,Kamloops,59,British Columbia / Colombie-Britannique,5933,Thompson-Nicola
116FRMN,5939032,Salmon Arm,59,British Columbia / Colombie-Britannique,5939,Columbia-Shuswap
116Q20D,5933045,Sun Peaks Mountain,59,British Columbia / Colombie-Britannique,5933,Thompson-Nicola
116QK0M,5933045,Sun Peaks Mountain,59,British Columbia / Colombie-Britannique,5933,Thompson-Nicola
1173210,5939007,Golden,59,British Columbia / Colombie-Britannique,5939,Columbia-Shuswap
1173214,5939007,Golden,59,British Columbia / Colombie-Britannique,5939,Columbia-Shuswap
1173220,5939007,Golden,59,British Columbia / Colombie-Britannique,5939,Columbia-Shuswap
1175122,5939023,Columbia-Shuswap B,59,British Columbia / Colombie-Britannique,5939,Columbia-Shuswap
1176745,5939019,Revelstoke,59,British Columbia / Colombie-Britannique,5939,Columbia-Shuswap
1176755,5939019,Revelstoke,59,British Columbia / Colombie-Britannique,5939,Columbia-Shuswap
11790J1,5939011,Columbia-Shuswap A,59,British Columbia / Colombie-Britannique,5939,Columbia-Shuswap
1181508,5955010,Chetwynd,59,British Columbia / Colombie-Britannique,5955,Peace River
1181513,5955010,Chetwynd,59,British Columbia / Colombie-Britannique,5955,Peace River
1182289,5955014,Dawson Creek,59,British Columbia / Colombie-Britannique,5955,Peace River
1183001,5955042,Peace River C,59,British Columbia / Colombie-Britannique,5955,Peace River
1184791,5953033,Mackenzie,59,British Columbia / Colombie-Britannique,5953,Fraser-Fort George
1184793,5953033,Mackenzie,59,British Columbia / Colombie-Britannique,5953,Fraser-Fort George
1192341,5949038,Kitimat-Stikine F,59,British Columbia / Colombie-Britannique,5949,Kitimat-Stikine
1192946,5959007,Northern Rockies,59,British Columbia / Colombie-Britannique,5959,Northern Rockies
1192948,5959007,Northern Rockies,59,British Columbia / Colombie-Britannique,5959,Northern Rockies
119BLM0,5949038,Kitimat-Stikine F,59,British Columbia / Colombie-Britannique,5949,Kitimat-Stikine
1200560,5957022,Stikine Region,59,British Columbia / Colombie-Britannique,5957,Stikine
1206197,5957022,Stikine Region,59,British Columbia / Colombie-Britannique,5957,Stikine
5010140,4604057,Argyle,46,Manitoba,4604,Division No.  4
5010481,4607062,Brandon,46,Manitoba,4607,Division No.  7
5010490,4607071,Elton,46,Manitoba,4607,Division No.  7
5010547,4607066,North Cypress-Langford,46,Manitoba,4607,Division No.  7
5010641,4608042,Victoria,46,Manitoba,4608,Division No.  8
5010QFQ,4606031,Wallace-Woodworth,46,Manitoba,4606,Division No.  6
5012300,4609029,Portage la Prairie,46,Manitoba,4609,Division No.  9
5012321,4609024,Portage la Prairie,46,Manitoba,4609,Division No.  9
5012324,4609024,Portage la Prairie,46,Manitoba,4609,Division No.  9
5012469,4616048,Hillsburg-Roblin-Shell River,46,Manitoba,4616,Division No. 16
5012654,4615063,Yellowhead,46,Manitoba,4615,Division No. 15
5012961,4606031,Wallace-Woodworth,46,Manitoba,4606,Division No.  6
5013117,4615070,Harrison Park,46,Manitoba,4615,Division No. 15
501A7AR,4605052,Melita,46,Manitoba,4605,Division No.  5
501B4G2,4616048,Hillsburg-Roblin-Shell River,46,Manitoba,4616,Division No. 16
501BMMA,4615032,Oakview,46,Manitoba,4615,Division No. 15
501KE01,4616005,Rossburn,46,Manitoba,4616,Division No. 16
5020725,4603058,Thompson,46,Manitoba,4603,Division No.  3
5020881,4602024,Emerson-Franklin,46,Manitoba,4602,Division No.  2
5021220,4603041,Rhineland,46,Manitoba,4603,Division No.  3
5021302,4608042,Victoria,46,Manitoba,4608,Division No.  8
5021500,4602041,Hanover,46,Manitoba,4602,Division No.  2
5021695,4610052,St. François Xavier,46,Manitoba,4610,Division No. 10
5021849,4603047,Stanley,46,Manitoba,4603,Division No.  3
5022051,4612047,Springfield,46,Manitoba,4612,Division No. 12
5022125,4604040,Louise,46,Manitoba,4604,Division No.  4
5022575,4601039,Piney,46,Manitoba,4601,Division No.  1
5022623,4603047,Stanley,46,Manitoba,4603,Division No.  3
5022759,4601039,Piney,46,Manitoba,4601,Division No.  1
5022791,4614036,Rockwood,46,Manitoba,4614,Division No. 14
5023225,4611040,Winnipeg,46,Manitoba,4611,Division No. 11
5023227,4611040,Winnipeg,46,Manitoba,4611,Division No. 11
5023262,4611040,Winnipeg,46,Manitoba,4611,Division No. 11
502I001,4603072,Dufferin,46,Manitoba,4603,Division No.  3
502S001,4614015,Rosser,46,Manitoba,4614,Division No. 14
5030203,4619045,"Division No. 19, Unorganized",46,Manitoba,4619,Division No. 19
5030204,4619045,"Division No. 19, Unorganized",46,Manitoba,4619,Division No. 19
5030984,4619045,"Division No. 19, Unorganized",46,Manitoba,4619,Division No. 19
50309J6,4618068,Fisher,46,Manitoba,4618,Division No. 18
5031041,4619045,"Division No. 19, Unorganized",46,Manitoba,4619,Division No. 19
5031042,4618031,Gimli,46,Manitoba,4618,Division No. 18
5031201,4601071,Alexander,46,Manitoba,4601,Division No.  1
5031310,4618068,Fisher,46,Manitoba,4618,Division No. 18
5031320,4601079,Shoal Lake (Part) 40,46,Manitoba,4601,Division No.  1
5031A10,4621025,Grand Rapids,46,Manitoba,4621,Division No. 21
5032161,4601057,Lac du Bonnet,46,Manitoba,4601,Division No.  1
5032360,4601043,Reynolds,46,Manitoba,4601,Division No.  1
5032951,4619045,"Division No. 19, Unorganized",46,Manitoba,4619,Division No. 19
503B1ER,4601051,Pinawa,46,Manitoba,4601,Division No.  1
5040166,4608046,North Norfolk,46,Manitoba,4608,Division No.  8
5040681,4617048,Dauphin,46,Manitoba,4617,Division No. 17
5040689,4617048,Dauphin,46,Manitoba,4617,Division No. 17
5040FJ3,4620032,Mountain (South),46,Manitoba,4620,Division No. 20
5041685,4620055,Mountain (North),46,Manitoba,4620,Division No. 20
5043158,4617035,McCreary,46,Manitoba,4617,Division No. 17
504K0NM,4618093,"Division No. 18, Unorganized, West Part",46,Manitoba,4618,Division No. 18
504K80K,4620042,Swan Valley West,46,Manitoba,4620,Division No. 20
5050919,4621078,"Division No. 21, Unorganized",46,Manitoba,4621,Division No. 21
5050920,4718051,Creighton,47,Saskatchewan,4718,Division No. 18
5050973,4621078,"Division No. 21, Unorganized",46,Manitoba,4621,Division No. 21
5052882,4621045,The Pas,46,Manitoba,4621,Division No. 21
5052890,4621045,The Pas,46,Manitoba,4621,Division No. 21
5060595,4623056,Churchill,46,Manitoba,4623,Division No. 23
5060605,4623056,Churchill,46,Manitoba,4623,Division No. 23
5060608,4623056,Churchill,46,Manitoba,4623,Division No. 23
5060622,4622046,"Division No. 22, Unorganized",46,Manitoba,4622,Division No. 22
5060999,4623022,Gillam,46,Manitoba,4623,Division No. 23
5061022,4623022,Gillam,46,Manitoba,4623,Division No. 23
5061025,4623022,Gillam,46,Manitoba,4623,Division No. 23
5061374,4622046,"Division No. 22, Unorganized",46,Manitoba,4622,Division No. 22
5061375,4622046,"Division No. 22, Unorganized",46,Manitoba,4622,Division No. 22
5061422,4622046,"Division No. 22, Unorganized",46,Manitoba,4622,Division No. 22
5061645,4623047,Lynn Lake,46,Manitoba,4623,Division No. 23
5061649,4623047,Lynn Lake,46,Manitoba,4623,Division No. 23
5062040,4622058,Norway House 17,46,Manitoba,4622,Division No. 22
5062835,4623062,"Division No. 23, Unorganized",46,Manitoba,4623,Division No. 23
5062840,4623062,"Division No. 23, Unorganized",46,Manitoba,4623,Division No. 23
5062921,4622046,"Division No. 22, Unorganized",46,Manitoba,4622,Division No. 22
8100300,1312004,Perth,13,New Brunswick / Nouveau-Brunswick,1312,Victoria
8100467,1315026,Caraquet,13,New Brunswick / Nouveau-Brunswick,1315,Gloucester
8100468,1315026,Caraquet,13,New Brunswick / Nouveau-Brunswick,1315,Gloucester
8100506,1315008,Bathurst,13,New Brunswick / Nouveau-Brunswick,1315,Gloucester
8100593,1308004,Wellington,13,New Brunswick / Nouveau-Brunswick,1308,Kent
8100885,1314004,Charlo,13,New Brunswick / Nouveau-Brunswick,1314,Restigouche
8100989,1309050,Miramichi,13,New Brunswick / Nouveau-Brunswick,1309,Northumberland
8101201,1309021,Blissfield,13,New Brunswick / Nouveau-Brunswick,1309,Northumberland
8101303,1313022,Saint-Joseph,13,New Brunswick / Nouveau-Brunswick,1313,Madawaska
8101505,1303008,Lincoln,13,New Brunswick / Nouveau-Brunswick,1303,Sunbury
8101507,1310032,Fredericton,13,New Brunswick / Nouveau-Brunswick,1310,York
8101605,1310032,Fredericton,13,New Brunswick / Nouveau-Brunswick,1310,York
8101746,1306007,Alma,13,New Brunswick / Nouveau-Brunswick,1306,Albert
8101792,1303011,Burton,13,New Brunswick / Nouveau-Brunswick,1303,Sunbury
8101794,1303012,Oromocto,13,New Brunswick / Nouveau-Brunswick,1303,Sunbury
8102326,1308026,Carleton,13,New Brunswick / Nouveau-Brunswick,1308,Kent
8102536,1310026,Bright,13,New Brunswick / Nouveau-Brunswick,1310,York
8103050,1315029,Shippagan,13,New Brunswick / Nouveau-Brunswick,1315,Gloucester
8103201,1307045,Dieppe,13,New Brunswick / Nouveau-Brunswick,1307,Westmorland
8103202,1307045,Dieppe,13,New Brunswick / Nouveau-Brunswick,1307,Westmorland
8103780,1305038,Greenwich,13,New Brunswick / Nouveau-Brunswick,1305,Kings
8104201,1301016,Musquash,13,New Brunswick / Nouveau-Brunswick,1301,Saint John
8104295,1315006,Allardville,13,New Brunswick / Nouveau-Brunswick,1315,Gloucester
8104901,1301006,Saint John,13,New Brunswick / Nouveau-Brunswick,1301,Saint John
8104935,1302034,Saint Stephen,13,New Brunswick / Nouveau-Brunswick,1302,Charlotte
8105210,1305031,Studholm,13,New Brunswick / Nouveau-Brunswick,1305,Kings
8105603,1311008,Northampton,13,New Brunswick / Nouveau-Brunswick,1311,Carleton
8400301,1006014,"Division No.  6, Subd. C",10,Newfoundland and Labrador / Terre-Neuve-et-Labrador,1006,Division No.  6
8400601,1007023,Bonavista,10,Newfoundland and Labrador / Terre-Neuve-et-Labrador,1007,Division No.  7
8400801,1003024,"Division No.  3, Subd. F",10,Newfoundland and Labrador / Terre-Neuve-et-Labrador,1003,Division No.  3
8400812,1003014,"Division No.  3, Subd. D",10,Newfoundland and Labrador / Terre-Neuve-et-Labrador,1003,Division No.  3
8401000,1001101,"Division No.  1, Subd. V",10,Newfoundland and Labrador / Terre-Neuve-et-Labrador,1001,Division No.  1
8401295,1005014,Cormack,10,Newfoundland and Labrador / Terre-Neuve-et-Labrador,1005,Division No.  5
8401298,1005018,Corner Brook,10,Newfoundland and Labrador / Terre-Neuve-et-Labrador,1005,Division No.  5
8401300,1005018,Corner Brook,10,Newfoundland and Labrador / Terre-Neuve-et-Labrador,1005,Division No.  5
8401405,1009015,Daniel's Harbour,10,Newfoundland and Labrador / Terre-Neuve-et-Labrador,1009,Division No.  9
8401500,1005004,Deer Lake,10,Newfoundland and Labrador / Terre-Neuve-et-Labrador,1005,Division No.  5
8401502,1005004,Deer Lake,10,Newfoundland and Labrador / Terre-Neuve-et-Labrador,1005,Division No.  5
8401538,1009004,Englee,10,Newfoundland and Labrador / Terre-Neuve-et-Labrador,1009,Division No.  9
8401565,1009021,"Division No.  9, Subd. C",10,Newfoundland and Labrador / Terre-Neuve-et-Labrador,1009,Division No.  9
8401703,1006009,Gander,10,Newfoundland and Labrador / Terre-Neuve-et-Labrador,1006,Division No.  6
8401705,1006009,Gander,10,Newfoundland and Labrador / Terre-Neuve-et-Labrador,1006,Division No.  6
8402520,1008074,"Division No.  8, Subd. A",10,Newfoundland and Labrador / Terre-Neuve-et-Labrador,1008,Division No.  8
8402544,1007031,"Division No.  7, Subd. E",10,Newfoundland and Labrador / Terre-Neuve-et-Labrador,1007,Division No.  7
8402644,1008065,"Division No.  8, Subd. P",10,Newfoundland and Labrador / Terre-Neuve-et-Labrador,1008,Division No.  8
8402757,1006028,Millertown,10,Newfoundland and Labrador / Terre-Neuve-et-Labrador,1006,Division No.  6
8402980,1003031,"Division No.  3, Subd. H",10,Newfoundland and Labrador / Terre-Neuve-et-Labrador,1003,Division No.  3
8403097,1009009,"Division No.  9, Subd. A",10,Newfoundland and Labrador / Terre-Neuve-et-Labrador,1009,Division No.  9
8403255,1003006,"Division No.  3, Subd. B",10,Newfoundland and Labrador / Terre-Neuve-et-Labrador,1003,Division No.  3
8403389,1009031,"Division No.  9, Subd. D",10,Newfoundland and Labrador / Terre-Neuve-et-Labrador,1009,Division No.  9
8403399,1009031,"Division No.  9, Subd. D",10,Newfoundland and Labrador / Terre-Neuve-et-Labrador,1009,Division No.  9
8403505,1001519,St. John's,10,Newfoundland and Labrador / Terre-Neuve-et-Labrador,1001,Division No.  1
8403603,1001519,St. John's,10,Newfoundland and Labrador / Terre-Neuve-et-Labrador,1001,Division No.  1
8403619,1002008,St. Lawrence,10,Newfoundland and Labrador / Terre-Neuve-et-Labrador,1002,Division No.  2
8403690,1005003,"Division No.  5, Subd. G",10,Newfoundland and Labrador / Terre-Neuve-et-Labrador,1005,Division No.  5
8403801,1004019,Stephenville,10,Newfoundland and Labrador / Terre-Neuve-et-Labrador,1004,Division No.  4
8403820,1004019,Stephenville,10,Newfoundland and Labrador / Terre-Neuve-et-Labrador,1004,Division No.  4
8403851,1007038,"Division No.  7, Subd. D",10,Newfoundland and Labrador / Terre-Neuve-et-Labrador,1007,Division No.  7
8404025,1008026,"Division No.  8, Subd. I",10,Newfoundland and Labrador / Terre-Neuve-et-Labrador,1008,Division No.  8
8404242,1002023,Winterland,10,Newfoundland and Labrador / Terre-Neuve-et-Labrador,1002,Division No.  2
8404343,1004001,"Division No.  4, Subd. A",10,Newfoundland and Labrador / Terre-Neuve-et-Labrador,1004,Division No.  4
840B053,1001339,"Division No.  1, Subd. G",10,Newfoundland and Labrador / Terre-Neuve-et-Labrador,1001,Division No.  1
840BR7C,1007056,"Division No.  7, Subd. A",10,Newfoundland and Labrador / Terre-Neuve-et-Labrador,1007,Division No.  7
8501106,1010008,"Division No. 10, Subd. B",10,Newfoundland and Labrador / Terre-Neuve-et-Labrador,1010,Division No. 10
8501130,1010029,"Division No. 10, Subd. D",10,Newfoundland and Labrador / Terre-Neuve-et-Labrador,1010,Division No. 10
8501131,1010029,"Division No. 10, Subd. D",10,Newfoundland and Labrador / Terre-Neuve-et-Labrador,1010,Division No. 10
8501900,1010025,Happy Valley-Goose Bay,10,Newfoundland and Labrador / Terre-Neuve-et-Labrador,1010,Division No. 10
8502400,1011030,Hopedale,10,Newfoundland and Labrador / Terre-Neuve-et-Labrador,1011,Division No. 11
8502580,1011005,"Division No. 11, Subd. C",10,Newfoundland and Labrador / Terre-Neuve-et-Labrador,1011,Division No. 11
8502592,1010008,"Division No. 10, Subd. B",10,Newfoundland and Labrador / Terre-Neuve-et-Labrador,1010,Division No. 10
8502810,1011040,"Division No. 11, Subd. E",10,Newfoundland and Labrador / Terre-Neuve-et-Labrador,1011,Division No. 11
8503249,1011040,"Division No. 11, Subd. E",10,Newfoundland and Labrador / Terre-Neuve-et-Labrador,1011,Division No. 11
8504177,1010034,Wabush,10,Newfoundland and Labrador / Terre-Neuve-et-Labrador,1010,Division No. 10
8200255,1201001,Barrington,12,Nova Scotia / Nouvelle-Écosse,1201,Shelburne
8200558,1209034,Halifax,12,Nova Scotia / Nouvelle-Écosse,1209,Halifax
8200573,1209034,Halifax,12,Nova Scotia / Nouvelle-Écosse,1209,Halifax
8200574,1209034,Halifax,12,Nova Scotia / Nouvelle-Écosse,1209,Halifax
8200604,1203004,Digby,12,Nova Scotia / Nouvelle-Écosse,1203,Digby
8200774,1212001,"Pictou, Subd. A",12,Nova Scotia / Nouvelle-Écosse,1212,Pictou
8200828,1215011,"Inverness, Subd. A",12,Nova Scotia / Nouvelle-Écosse,1215,Inverness
8201001,1214001,"Antigonish, Subd. A",12,Nova Scotia / Nouvelle-Écosse,1214,Antigonish
8201390,1210008,"Colchester, Subd. B",12,Nova Scotia / Nouvelle-Écosse,1210,Colchester
8201780,1217020,Eskasoni 3,12,Nova Scotia / Nouvelle-Écosse,1217,Cape Breton
8201969,1215011,"Inverness, Subd. A",12,Nova Scotia / Nouvelle-Écosse,1215,Inverness
8202000,1207001,"Kings, Subd. A",12,Nova Scotia / Nouvelle-Écosse,1207,Kings
8202195,1206009,Chester,12,Nova Scotia / Nouvelle-Écosse,1206,Lunenburg
8202240,1209034,Halifax,12,Nova Scotia / Nouvelle-Écosse,1209,Halifax
8202249,1209034,Halifax,12,Nova Scotia / Nouvelle-Écosse,1209,Halifax
8202251,1209034,Halifax,12,Nova Scotia / Nouvelle-Écosse,1209,Halifax
8202252,1209034,Halifax,12,Nova Scotia / Nouvelle-Écosse,1209,Halifax
8202255,1209034,Halifax,12,Nova Scotia / Nouvelle-Écosse,1209,Halifax
8202318,1213004,Guysborough,12,Nova Scotia / Nouvelle-Écosse,1213,Guysborough
8202502,1218006,"Victoria, Subd. A",12,Nova Scotia / Nouvelle-Écosse,1218,Victoria
8202592,1204010,Queens,12,Nova Scotia / Nouvelle-Écosse,1204,Queens
8202810,1207012,Kentville,12,Nova Scotia / Nouvelle-Écosse,1207,Kings
8202896,1209034,Halifax,12,Nova Scotia / Nouvelle-Écosse,1209,Halifax
8203163,1217030,Cape Breton,12,Nova Scotia / Nouvelle-Écosse,1217,Cape Breton
8203210,1206001,Lunenburg,12,Nova Scotia / Nouvelle-Écosse,1206,Lunenburg
8203405,1209034,Halifax,12,Nova Scotia / Nouvelle-Écosse,1209,Halifax
8203478,1209034,Halifax,12,Nova Scotia / Nouvelle-Écosse,1209,Halifax
8203702,1211006,"Cumberland, Subd. B",12,Nova Scotia / Nouvelle-Écosse,1211,Cumberland
8204154,1215011,"Inverness, Subd. A",12,Nova Scotia / Nouvelle-Écosse,1215,Inverness
8204161,1215011,"Inverness, Subd. A",12,Nova Scotia / Nouvelle-Écosse,1215,Inverness
8204190,1209034,Halifax,12,Nova Scotia / Nouvelle-Écosse,1209,Halifax
8204193,1210001,"Colchester, Subd. C",12,Nova Scotia / Nouvelle-Écosse,1210,Colchester
8204402,1211002,Parrsboro,12,Nova Scotia / Nouvelle-Écosse,1211,Cumberland
8204453,1209034,Halifax,12,Nova Scotia / Nouvelle-Écosse,1209,Halifax
8204495,1215001,"Inverness, Subd. C",12,Nova Scotia / Nouvelle-Écosse,1215,Inverness
8204703,1209034,Halifax,12,Nova Scotia / Nouvelle-Écosse,1209,Halifax
8204708,1209034,Halifax,12,Nova Scotia / Nouvelle-Écosse,1209,Halifax
8204800,1209034,Halifax,12,Nova Scotia / Nouvelle-Écosse,1209,Halifax
8204909,1218006,"Victoria, Subd. A",12,Nova Scotia / Nouvelle-Écosse,1218,Victoria
8205092,1209034,Halifax,12,Nova Scotia / Nouvelle-Écosse,1209,Halifax
8205093,1209034,Halifax,12,Nova Scotia / Nouvelle-Écosse,1209,Halifax
8205130,1201006,Shelburne,12,Nova Scotia / Nouvelle-Écosse,1201,Shelburne
8205701,1217030,Cape Breton,12,Nova Scotia / Nouvelle-Écosse,1217,Cape Breton
8205702,1217030,Cape Breton,12,Nova Scotia / Nouvelle-Écosse,1217,Cape Breton
8205703,1217030,Cape Breton,12,Nova Scotia / Nouvelle-Écosse,1217,Cape Breton
8205774,1210008,"Colchester, Subd. B",12,Nova Scotia / Nouvelle-Écosse,1210,Colchester
8205895,1214006,"Antigonish, Subd. B",12,Nova Scotia / Nouvelle-Écosse,1214,Antigonish
8206222,1207001,"Kings, Subd. A",12,Nova Scotia / Nouvelle-Écosse,1207,Kings
8206240,1204010,Queens,12,Nova Scotia / Nouvelle-Écosse,1204,Queens
8206316,1207021,"Kings, Subd. D",12,Nova Scotia / Nouvelle-Écosse,1207,Kings
8206491,1202004,Yarmouth,12,Nova Scotia / Nouvelle-Écosse,1202,Yarmouth
8206495,1202004,Yarmouth,12,Nova Scotia / Nouvelle-Écosse,1202,Yarmouth
8206496,1202004,Yarmouth,12,Nova Scotia / Nouvelle-Écosse,1202,Yarmouth
2200105,6101025,Aklavik,61,Northwest Territories / Territoires du Nord-Ouest,6101,Region 1
2200675,6101063,"Region 1, Unorganized",61,Northwest Territories / Territoires du Nord-Ouest,6101,Region 1
2200824,6102012,Colville Lake,61,Northwest Territories / Territoires du Nord-Ouest,6102,Region 2
2200827,6102012,Colville Lake,61,Northwest Territories / Territoires du Nord-Ouest,6102,Region 2
2201022,6102003,Déline,61,Northwest Territories / Territoires du Nord-Ouest,6102,Region 2
2201023,6102003,Déline,61,Northwest Territories / Territoires du Nord-Ouest,6102,Region 2
22010H0,6104097,"Region 4, Unorganized",61,Northwest Territories / Territoires du Nord-Ouest,6104,Region 4
2201406,6102009,Fort Good Hope,61,Northwest Territories / Territoires du Nord-Ouest,6102,Region 2
2201450,6102009,Fort Good Hope,61,Northwest Territories / Territoires du Nord-Ouest,6102,Region 2
2201579,6104009,Fort Liard,61,Northwest Territories / Territoires du Nord-Ouest,6104,Region 4
2201581,6104009,Fort Liard,61,Northwest Territories / Territoires du Nord-Ouest,6104,Region 4
2201606,6101015,Fort McPherson,61,Northwest Territories / Territoires du Nord-Ouest,6101,Region 1
2201705,6102063,"Region 2, Unorganized",61,Northwest Territories / Territoires du Nord-Ouest,6102,Region 2
2201799,6104014,Fort Providence,61,Northwest Territories / Territoires du Nord-Ouest,6104,Region 4
2201903,6105026,Reliance,61,Northwest Territories / Territoires du Nord-Ouest,6105,Region 5
2202010,6105018,Fort Resolution,61,Northwest Territories / Territoires du Nord-Ouest,6105,Region 5
2202102,6104038,Fort Simpson,61,Northwest Territories / Territoires du Nord-Ouest,6104,Region 4
2202103,6104038,Fort Simpson,61,Northwest Territories / Territoires du Nord-Ouest,6104,Region 4
2202104,6104038,Fort Simpson,61,Northwest Territories / Territoires du Nord-Ouest,6104,Region 4
2202201,6105001,Fort Smith,61,Northwest Territories / Territoires du Nord-Ouest,6105,Region 5
2202202,6105001,Fort Smith,61,Northwest Territories / Territoires du Nord-Ouest,6105,Region 5
2202203,6105001,Fort Smith,61,Northwest Territories / Territoires du Nord-Ouest,6105,Region 5
2202351,6106097,"Region 6, Unorganized",61,Northwest Territories / Territoires du Nord-Ouest,6106,Region 6
2202401,6105016,Hay River,61,Northwest Territories / Territoires du Nord-Ouest,6105,Region 5
2202402,6105016,Hay River,61,Northwest Territories / Territoires du Nord-Ouest,6105,Region 5
2202403,6105016,Hay River,61,Northwest Territories / Territoires du Nord-Ouest,6105,Region 5
2202560,6105097,"Region 5, Unorganized",61,Northwest Territories / Territoires du Nord-Ouest,6105,Region 5
2202571,6101017,Inuvik,61,Northwest Territories / Territoires du Nord-Ouest,6101,Region 1
2202578,6101017,Inuvik,61,Northwest Territories / Territoires du Nord-Ouest,6101,Region 1
2202663,6101063,"Region 1, Unorganized",61,Northwest Territories / Territoires du Nord-Ouest,6101,Region 1
2202678,6103034,Whatì,61,Northwest Territories / Territoires du Nord-Ouest,6103,Region 3
2202690,6105020,Lutselk'e,61,Northwest Territories / Territoires du Nord-Ouest,6105,Region 5
2202801,6102063,"Region 2, Unorganized",61,Northwest Territories / Territoires du Nord-Ouest,6102,Region 2
2202810,6102063,"Region 2, Unorganized",61,Northwest Territories / Territoires du Nord-Ouest,6102,Region 2
2203055,6101014,Paulatuk,61,Northwest Territories / Territoires du Nord-Ouest,6101,Region 1
2203058,6101014,Paulatuk,61,Northwest Territories / Territoires du Nord-Ouest,6101,Region 1
2203095,6101063,"Region 1, Unorganized",61,Northwest Territories / Territoires du Nord-Ouest,6101,Region 1
2203342,6104097,"Region 4, Unorganized",61,Northwest Territories / Territoires du Nord-Ouest,6104,Region 4
2203359,6103097,"Region 3, Unorganized",61,Northwest Territories / Territoires du Nord-Ouest,6103,Region 3
2203365,6103097,"Region 3, Unorganized",61,Northwest Territories / Territoires du Nord-Ouest,6103,Region 3
2203911,6101036,Tuktoyaktuk,61,Northwest Territories / Territoires du Nord-Ouest,6101,Region 1
2203914,6101036,Tuktoyaktuk,61,Northwest Territories / Territoires du Nord-Ouest,6101,Region 1
2203918,6101063,"Region 1, Unorganized",61,Northwest Territories / Territoires du Nord-Ouest,6101,Region 1
2203980,6103097,"Region 3, Unorganized",61,Northwest Territories / Territoires du Nord-Ouest,6103,Region 3
2204005,6104044,Wrigley,61,Northwest Territories / Territoires du Nord-Ouest,6104,Region 4
2204101,6106023,Yellowknife,61,Northwest Territories / Territoires du Nord-Ouest,6106,Region 6
2204110,6106023,Yellowknife,61,Northwest Territories / Territoires du Nord-Ouest,6106,Region 6
2204300,6104097,"Region 4, Unorganized",61,Northwest Territories / Territoires du Nord-Ouest,6104,Region 4
220B68C,6101063,"Region 1, Unorganized",61,Northwest Territories / Territoires du Nord-Ouest,6101,Region 1
220B6Q3,6102063,"Region 2, Unorganized",61,Northwest Territories / Territoires du Nord-Ouest,6102,Region 2
220CQHR,6104006,Sambaa Ke,61,Northwest Territories / Territoires du Nord-Ouest,6104,Region 4
220LQJJ,6101063,"Region 1, Unorganized",61,Northwest Territories / Territoires du Nord-Ouest,6101,Region 1
220N003,6104097,"Region 4, Unorganized",61,Northwest Territories / Territoires du Nord-Ouest,6104,Region 4
220N005,6101063,"Region 1, Unorganized",61,Northwest Territories / Territoires du Nord-Ouest,6101,Region 1
2500440,6101063,"Region 1, Unorganized",61,Northwest Territories / Territoires du Nord-Ouest,6101,Region 1
2501419,6101063,"Region 1, Unorganized",61,Northwest Territories / Territoires du Nord-Ouest,6101,Region 1
2502503,6101095,Ulukhaktok,61,Northwest Territories / Territoires du Nord-Ouest,6101,Region 1
2502505,6101095,Ulukhaktok,61,Northwest Territories / Territoires du Nord-Ouest,6101,Region 1
2503648,6101063,"Region 1, Unorganized",61,Northwest Territories / Territoires du Nord-Ouest,6101,Region 1
2503649,6101041,Sachs Harbour,61,Northwest Territories / Territoires du Nord-Ouest,6101,Region 1
2503886,6101063,"Region 1, Unorganized",61,Northwest Territories / Territoires du Nord-Ouest,6101,Region 1
250M001,6101063,"Region 1, Unorganized",61,Northwest Territories / Territoires du Nord-Ouest,6101,Region 1
2300427,6205015,Arviat,62,Nunavut,6205,Keewatin
2300501,6205023,Baker Lake,62,Nunavut,6205,Keewatin
2300503,6205023,Baker Lake,62,Nunavut,6205,Keewatin
2300504,6205023,Baker Lake,62,Nunavut,6205,Keewatin
2300551,6208098,"Kitikmeot, Unorganized",62,Nunavut,6208,Kitikmeot
2300710,6204030,"Baffin, Unorganized",62,Nunavut,6204,Baffin
2300903,6208059,Kugluktuk,62,Nunavut,6208,Kitikmeot
2300904,6208059,Kugluktuk,62,Nunavut,6208,Kitikmeot
2300905,6208059,Kugluktuk,62,Nunavut,6208,Kitikmeot
2301002,6204030,"Baffin, Unorganized",62,Nunavut,6204,Baffin
2301004,6204030,"Baffin, Unorganized",62,Nunavut,6204,Baffin
2301010,6204030,"Baffin, Unorganized",62,Nunavut,6204,Baffin
2301102,6205033,"Keewatin, Unorganized",62,Nunavut,6205,Keewatin
2301153,6205015,Arviat,62,Nunavut,6205,Keewatin
2302337,6208081,Gjoa Haven,62,Nunavut,6208,Kitikmeot
2302340,6208081,Gjoa Haven,62,Nunavut,6208,Kitikmeot
2302370,6208098,"Kitikmeot, Unorganized",62,Nunavut,6208,Kitikmeot
2303093,6204030,"Baffin, Unorganized",62,Nunavut,6204,Baffin
2303094,6204030,"Baffin, Unorganized",62,Nunavut,6204,Baffin
2303095,6204030,"Baffin, Unorganized",62,Nunavut,6204,Baffin
2303405,6205017,Rankin Inlet,62,Nunavut,6205,Keewatin
2303610,6205033,"Keewatin, Unorganized",62,Nunavut,6205,Keewatin
2303660,6204001,Sanikiluaq,62,Nunavut,6204,Baffin
2303668,6204001,Sanikiluaq,62,Nunavut,6204,Baffin
2303685,6208098,"Kitikmeot, Unorganized",62,Nunavut,6208,Kitikmeot
2303990,6205016,Whale Cove,62,Nunavut,6205,Keewatin
230J01Q,6208098,"Kitikmeot, Unorganized",62,Nunavut,6208,Kitikmeot
230N002,6208098,"Kitikmeot, Unorganized",62,Nunavut,6208,Kitikmeot
2400305,6204030,"Baffin, Unorganized",62,Nunavut,6204,Baffin
2400306,6204030,"Baffin, Unorganized",62,Nunavut,6204,Baffin
2400399,6204018,Arctic Bay,62,Nunavut,6204,Baffin
2400404,6204018,Arctic Bay,62,Nunavut,6204,Baffin
2400565,6204030,"Baffin, Unorganized",62,Nunavut,6204,Baffin
2400570,6204010,Qikiqtarjuaq,62,Nunavut,6204,Baffin
2400573,6204010,Qikiqtarjuaq,62,Nunavut,6204,Baffin
2400577,6204010,Qikiqtarjuaq,62,Nunavut,6204,Baffin
2400601,6208073,Cambridge Bay,62,Nunavut,6208,Kitikmeot
2400602,6208073,Cambridge Bay,62,Nunavut,6208,Kitikmeot
2400603,6208073,Cambridge Bay,62,Nunavut,6208,Kitikmeot
2400636,6204007,Cape Dorset,62,Nunavut,6204,Baffin
2400637,6204007,Cape Dorset,62,Nunavut,6204,Baffin
2400650,6204030,"Baffin, Unorganized",62,Nunavut,6204,Baffin
2400660,6204030,"Baffin, Unorganized",62,Nunavut,6204,Baffin
2400675,6204030,"Baffin, Unorganized",62,Nunavut,6204,Baffin
2400697,6208098,"Kitikmeot, Unorganized",62,Nunavut,6208,Kitikmeot
2400802,6204015,Clyde River,62,Nunavut,6204,Baffin
2400804,6204015,Clyde River,62,Nunavut,6204,Baffin
2401030,6204030,"Baffin, Unorganized",62,Nunavut,6204,Baffin
2401199,6204030,"Baffin, Unorganized",62,Nunavut,6204,Baffin
2401208,6204030,"Baffin, Unorganized",62,Nunavut,6204,Baffin
2402051,6204030,"Baffin, Unorganized",62,Nunavut,6204,Baffin
2402332,6208098,"Kitikmeot, Unorganized",62,Nunavut,6208,Kitikmeot
2402351,6204025,Grise Fiord,62,Nunavut,6204,Baffin
2402353,6204011,Hall Beach,62,Nunavut,6204,Baffin
2402354,6204011,Hall Beach,62,Nunavut,6204,Baffin
2402360,6204025,Grise Fiord,62,Nunavut,6204,Baffin
2402546,6204012,Igloolik,62,Nunavut,6204,Baffin
2402592,6204030,"Baffin, Unorganized",62,Nunavut,6204,Baffin
2402596,6204003,Iqaluit,62,Nunavut,6204,Baffin
2402604,6204030,"Baffin, Unorganized",62,Nunavut,6204,Baffin
2402673,6204005,Kimmirut,62,Nunavut,6204,Baffin
2402684,6204030,"Baffin, Unorganized",62,Nunavut,6204,Baffin
2403049,6204009,Pangnirtung,62,Nunavut,6204,Baffin
2403054,6204009,Pangnirtung,62,Nunavut,6204,Baffin
2403204,6204020,Pond Inlet,62,Nunavut,6204,Baffin
2403206,6204020,Pond Inlet,62,Nunavut,6204,Baffin
2403450,6204030,"Baffin, Unorganized",62,Nunavut,6204,Baffin
2403495,6204030,"Baffin, Unorganized",62,Nunavut,6204,Baffin
2403497,6204022,Resolute,62,Nunavut,6204,Baffin
2403498,6204022,Resolute,62,Nunavut,6204,Baffin
2403505,6204022,Resolute,62,Nunavut,6204,Baffin
2403602,6204030,"Baffin, Unorganized",62,Nunavut,6204,Baffin
2403625,6204030,"Baffin, Unorganized",62,Nunavut,6204,Baffin
2403756,6204030,"Baffin, Unorganized",62,Nunavut,6204,Baffin
2403833,6204030,"Baffin, Unorganized",62,Nunavut,6204,Baffin
2403855,6204030,"Baffin, Unorganized",62,Nunavut,6204,Baffin
2403856,6204030,"Baffin, Unorganized",62,Nunavut,6204,Baffin
2403945,6204030,"Baffin, Unorganized",62,Nunavut,6204,Baffin
6010400,3560051,Attawapiskat 91A,35,Ontario,3560,Kenora
6010735,3560090,"Kenora, Unorganized",35,Ontario,3560,Kenora
6010740,3560075,Kitchenuhmaykoosib Aaki 84 (Big Trout Lake),35,Ontario,3560,Kenora
6012199,3560032,Ear Falls,35,Ontario,3560,Kenora
6012501,3560078,Fort Severn 89,35,Ontario,3560,Kenora
6014351,3560090,"Kenora, Unorganized",35,Ontario,3560,Kenora
6014353,3560090,"Kenora, Unorganized",35,Ontario,3560,Kenora
6015026,3560097,Muskrat Dam Lake,35,Ontario,3560,Kenora
6016295,3560090,"Kenora, Unorganized",35,Ontario,3560,Kenora
6016298,3560090,"Kenora, Unorganized",35,Ontario,3560,Kenora
6016525,3560049,Pickle Lake,35,Ontario,3560,Kenora
6016528,3560049,Pickle Lake,35,Ontario,3560,Kenora
6016971,3560042,Red Lake,35,Ontario,3560,Kenora
6017401,3560071,Sandy Lake 88,35,Ontario,3560,Kenora
6020559,3559024,Chapple,35,Ontario,3559,Rainy River
6020LPQ,3559001,Atikokan,35,Ontario,3559,Rainy River
6022474,3559090,"Rainy River, Unorganized",35,Ontario,3559,Rainy River
6025205,3559090,"Rainy River, Unorganized",35,Ontario,3559,Rainy River
6032125,3560027,Dryden,35,Ontario,3560,Kenora
6034073,3560010,Kenora,35,Ontario,3560,Kenora
6034076,3560010,Kenora,35,Ontario,3560,Kenora
6036904,3560090,"Kenora, Unorganized",35,Ontario,3560,Kenora
6036907,3560090,"Kenora, Unorganized",35,Ontario,3560,Kenora
6037201,3560090,"Kenora, Unorganized",35,Ontario,3560,Kenora
6037776,3560034,Sioux Lookout,35,Ontario,3560,Kenora
6037800,3560034,Sioux Lookout,35,Ontario,3560,Kenora
6040325,3558090,"Thunder Bay, Unorganized",35,Ontario,3558,Thunder Bay
6040327,3558090,"Thunder Bay, Unorganized",35,Ontario,3558,Thunder Bay
6041110,3558090,"Thunder Bay, Unorganized",35,Ontario,3558,Thunder Bay
6041222,3558090,"Thunder Bay, Unorganized",35,Ontario,3558,Thunder Bay
6042717,3558075,Greenstone,35,Ontario,3558,Thunder Bay
6042718,3558075,Greenstone,35,Ontario,3558,Thunder Bay
6042719,3558075,Greenstone,35,Ontario,3558,Thunder Bay
6043390,3558004,Thunder Bay,35,Ontario,3558,Thunder Bay
6044967,3558059,Marathon,35,Ontario,3558,Thunder Bay
6046768,3558090,"Thunder Bay, Unorganized",35,Ontario,3558,Thunder Bay
6048232,3558054,Terrace Bay,35,Ontario,3558,Thunder Bay
6048260,3558004,Thunder Bay,35,Ontario,3558,Thunder Bay
6048262,3558004,Thunder Bay,35,Ontario,3558,Thunder Bay
6048268,3558004,Thunder Bay,35,Ontario,3558,Thunder Bay
6049095,3558090,"Thunder Bay, Unorganized",35,Ontario,3558,Thunder Bay
6049443,3558004,Thunder Bay,35,Ontario,3558,Thunder Bay
6049470,3558090,"Thunder Bay, Unorganized",35,Ontario,3558,Thunder Bay
6054425,3557095,"Algoma, Unorganized, North Part",35,Ontario,3557,Algoma
6057591,3557061,Sault Ste. Marie,35,Ontario,3557,Algoma
6057593,3557061,Sault Ste. Marie,35,Ontario,3557,Algoma
6059413,3557076,Wawa,35,Ontario,3557,Algoma
605DJ25,3552036,Killarney,35,Ontario,3552,Sudbury
6061365,3552093,"Sudbury, Unorganized, North Part",35,Ontario,3552,Sudbury
6065006,3552023,Sables-Spanish Rivers,35,Ontario,3552,Sudbury
6065252,3548055,West Nipissing / Nipissing Ouest,35,Ontario,3548,Nipissing
6068145,3553005,Greater Sudbury / Grand Sudbury,35,Ontario,3553,Greater Sudbury / Grand Sudbury
6068153,3553005,Greater Sudbury / Grand Sudbury,35,Ontario,3553,Greater Sudbury / Grand Sudbury
6070QK6,3556056,Moonbeam,35,Ontario,3556,Cochrane
6072223,3554036,Armstrong,35,Ontario,3554,Timiskaming
6072230,3554036,Armstrong,35,Ontario,3554,Timiskaming
6073976,3556066,Kapuskasing,35,Ontario,3556,Cochrane
6073978,3556066,Kapuskasing,35,Ontario,3556,Cochrane
6073980,3556066,Kapuskasing,35,Ontario,3556,Cochrane
6074211,3554094,"Timiskaming, Unorganized, West Part",35,Ontario,3554,Timiskaming
6075420,3556092,"Cochrane, Unorganized, North Part",35,Ontario,3556,Cochrane
6075425,3556106,Moosonee,35,Ontario,3556,Cochrane
6075435,3556092,"Cochrane, Unorganized, North Part",35,Ontario,3556,Cochrane
6075543,3556092,"Cochrane, Unorganized, North Part",35,Ontario,3556,Cochrane
6075786,3560052,Marten Falls 65,35,Ontario,3560,Kenora
6078282,3556027,Timmins,35,Ontario,3556,Cochrane
6078286,3556027,Timmins,35,Ontario,3556,Cochrane
6080192,3548091,"Nipissing, Unorganized, South Part",35,Ontario,3548,Nipissing
6085680,3548044,North Bay,35,Ontario,3548,Nipissing
6085695,3548044,North Bay,35,Ontario,3548,Nipissing
6092919,3551017,Northeastern Manitoulin and the Islands,35,Ontario,3551,Manitoulin
6092920,3551017,Northeastern Manitoulin and the Islands,35,Ontario,3551,Manitoulin
6093005,3551017,Northeastern Manitoulin and the Islands,35,Ontario,3551,Manitoulin
6100285,3509030,Mississippi Mills,35,Ontario,3509,Lanark
6100970,3507014,Elizabethtown-Kitley,35,Ontario,3507,Leeds and Grenville
6100971,3507015,Brockville,35,Ontario,3507,Leeds and Grenville
6101335,3547096,Deep River,35,Ontario,3547,Renfrew
6101874,3501012,Cornwall,35,Ontario,3501,"Stormont, Dundas and Glengarry"
6102J13,3509010,Drummond/North Elmsley,35,Ontario,3509,Lanark
6103024,3507021,Leeds and the Thousand Islands,35,Ontario,3507,Leeds and Grenville
6103367,3510020,South Frontenac,35,Ontario,3510,Frontenac
6104027,3507065,North Grenville,35,Ontario,3507,Leeds and Grenville
6104142,3510010,Kingston,35,Ontario,3510,Frontenac
6104152,3510010,Kingston,35,Ontario,3510,Frontenac
6104725,3507021,Leeds and the Thousand Islands,35,Ontario,3507,Leeds and Grenville
6105397,3501042,North Stormont,35,Ontario,3501,"Stormont, Dundas and Glengarry"
6105762,3510045,North Frontenac,35,Ontario,3510,Frontenac
6105978,3506008,Ottawa,35,Ontario,3506,Ottawa
6106001,3506008,Ottawa,35,Ontario,3506,Ottawa
6106367,3547076,Petawawa,35,Ontario,3547,Renfrew
6106396,3547076,Petawawa,35,Ontario,3547,Renfrew
6107276,3502025,The Nation / La Nation,35,Ontario,3502,Prescott and Russell
610FC98,3547076,Petawawa,35,Ontario,3547,Renfrew
6110480,3519070,Georgina,35,Ontario,3519,York
6110556,3543042,Barrie,35,Ontario,3543,Simcoe
6110607,3544053,Muskoka Lakes,35,Ontario,3544,Muskoka
6111769,3543023,Oro-Medonte,35,Ontario,3543,Simcoe
6111792,3543031,Collingwood,35,Ontario,3543,Simcoe
6114295,3543019,Ramara,35,Ontario,3543,Simcoe
6114979,3542004,West Grey,35,Ontario,3542,Grey
6115529,3544002,Gravenhurst,35,Ontario,3544,Muskoka
6115811,3543052,Orillia,35,Ontario,3543,Simcoe
6116257,3549032,Parry Sound,35,Ontario,3549,Parry Sound
6117684,3543023,Oro-Medonte,35,Ontario,3543,Simcoe
6117700,3543023,Oro-Medonte,35,Ontario,3543,Simcoe
6117981,3549012,McMurrich/Monteith,35,Ontario,3549,Parry Sound
6118240,3542045,The Blue Mountains,35,Ontario,3542,Grey
6119055,3519070,Georgina,35,Ontario,3519,York
6119498,3541055,South Bruce Peninsula,35,Ontario,3541,Bruce
6119499,3541055,South Bruce Peninsula,35,Ontario,3541,Bruce
6119M51,3549005,The Archipelago,35,Ontario,3549,Parry Sound
611B002,3543003,Adjala-Tosorontio,35,Ontario,3543,Simcoe
611E001,3543021,Essa,35,Ontario,3543,Simcoe
61219J2,3541069,Northern Bruce Peninsula,35,Ontario,3541,Bruce
6122847,3540063,Ashfield-Colborne-Wawanosh,35,Ontario,3540,Huron
6124127,3541024,Kincardine,35,Ontario,3541,Bruce
6127510,3538030,Sarnia,35,Ontario,3538,Lambton
6127519,3538030,Sarnia,35,Ontario,3538,Lambton
6128330,3541069,Northern Bruce Peninsula,35,Ontario,3541,Bruce
6129660,3540046,Howick,35,Ontario,3540,Huron
6130257,3537028,Amherstburg,35,Ontario,3537,Essex
6131414,3536020,Chatham-Kent,35,Ontario,3536,Chatham-Kent
6131983,3528052,Norfolk County,35,Ontario,3528,Haldimand-Norfolk
6132470,3526003,Fort Erie,35,Ontario,3526,Niagara
6133055,3526065,Grimsby,35,Ontario,3526,Niagara
6133362,3537016,Essex,35,Ontario,3537,Essex
6134190,3537013,Kingsville,35,Ontario,3537,Essex
6134F10,3528052,Norfolk County,35,Ontario,3528,Haldimand-Norfolk
6135583,3534042,West Elgin,35,Ontario,3534,Elgin
6136606,3526011,Port Colborne,35,Ontario,3526,Niagara
6136699,3526053,St. Catharines,35,Ontario,3526,Niagara
6137154,3536020,Chatham-Kent,35,Ontario,3536,Chatham-Kent
6137161,3526028,Pelham,35,Ontario,3526,Niagara
6137304,3526047,Niagara-on-the-Lake,35,Ontario,3526,Niagara
6137362,3534021,St. Thomas,35,Ontario,3534,Elgin
6138270,3532004,Tillsonburg,35,Ontario,3532,Oxford
6139148,3526057,Lincoln,35,Ontario,3526,Niagara
6139449,3526014,Wainfleet,35,Ontario,3526,Niagara
6139520,3537039,Windsor,35,Ontario,3537,Essex
6139530,3537039,Windsor,35,Ontario,3537,Essex
613F606,3526011,Port Colborne,35,Ontario,3526,Niagara
613KLLM,3536020,Chatham-Kent,35,Ontario,3536,Chatham-Kent
613P001,3537003,Leamington,35,Ontario,3537,Essex
6140942,3529005,Brant,35,Ontario,3529,Brant
6142286,3523025,Centre Wellington,35,Ontario,3523,Wellington
6142400,3523025,Centre Wellington,35,Ontario,3523,Wellington
6142402,3523025,Centre Wellington,35,Ontario,3523,Wellington
6142803,3523033,Mapleton,35,Ontario,3523,Wellington
6143089,3523008,Guelph,35,Ontario,3523,Wellington
6144239,3530035,Woolwich,35,Ontario,3530,Waterloo
6144473,3539036,London,35,Ontario,3539,Middlesex
6144478,3539036,London,35,Ontario,3539,Middlesex
6145504,3523050,Wellington North,35,Ontario,3523,Wellington
6147188,3530004,North Dumfries,35,Ontario,3530,Waterloo
6148122,3539047,Adelaide-Metcalfe,35,Ontario,3539,Middlesex
6149625,3532042,Woodstock,35,Ontario,3532,Oxford
6150689,3512005,Belleville,35,Ontario,3512,Hastings
6151061,3524002,Burlington,35,Ontario,3524,Halton
6151309,3511030,Stone Mills,35,Ontario,3511,Lennox and Addington
6151684,3514021,Cobourg,35,Ontario,3514,Northumberland
6151689,3514021,Cobourg,35,Ontario,3514,Northumberland
6152695,3524015,Halton Hills,35,Ontario,3524,Halton
6153193,3525005,Hamilton,35,Ontario,3525,Hamilton
6153301,3525005,Hamilton,35,Ontario,3525,Hamilton
6155750,3524001,Oakville,35,Ontario,3524,Halton
6155875,3518013,Oshawa,35,Ontario,3518,Durham
6155878,3518013,Oshawa,35,Ontario,3518,Durham
6156559,3513020,Prince Edward County,35,Ontario,3513,Prince Edward
6157000,3522012,Mono,35,Ontario,3522,Dufferin
6158355,3520005,Toronto,35,Ontario,3520,Toronto
6158359,3520005,Toronto,35,Ontario,3520,Toronto
6158409,3519036,Markham,35,Ontario,3519,York
6158731,3521005,Mississauga,35,Ontario,3521,Peel
6158872,3512015,Quinte West,35,Ontario,3512,Hastings
6158875,3512015,Quinte West,35,Ontario,3512,Hastings
6159123,3518029,Uxbridge,35,Ontario,3518,Durham
615S001,3520005,Toronto,35,Ontario,3520,Toronto
615S002,3525005,Hamilton,35,Ontario,3525,Hamilton
6163171,3546024,Dysart et al,35,Ontario,3546,Haliburton
6166415,3515013,Cavan Monaghan,35,Ontario,3515,Peterborough
6166456,3515014,Peterborough,35,Ontario,3515,Peterborough
6168100,3516010,Kawartha Lakes,35,Ontario,3516,Kawartha Lakes
6168525,3515013,Cavan Monaghan,35,Ontario,3515,Peterborough
616I001,3512061,Bancroft,35,Ontario,3512,Hastings
8300301,1102075,Charlottetown,11,Prince Edward Island / Île-du-Prince-Édouard,1102,Queens
8300497,1102042,Lot 23,11,Prince Edward Island / Île-du-Prince-Édouard,1102,Queens
8300516,1103058,Lot  1,11,Prince Edward Island / Île-du-Prince-Édouard,1103,Prince
8300562,1101042,Lot 41,11,Prince Edward Island / Île-du-Prince-Édouard,1101,Kings
8300590,1102052,Lot 34,11,Prince Edward Island / Île-du-Prince-Édouard,1102,Queens
8300596,1103019,Lot 17,11,Prince Edward Island / Île-du-Prince-Édouard,1103,Prince
8305500,1103006,Lot 27,11,Prince Edward Island / Île-du-Prince-Édouard,1103,Prince
830P001,1102049,Lot 33,11,Prince Edward Island / Île-du-Prince-Édouard,1102,Queens
7010565,2423027,Québec,24,Quebec / Québec,2423,Québec
7011983,2434058,Deschambault-Grondines,24,Quebec / Québec,2434,Portneuf
70132G9,2420005,Saint-François-de-l'Île-d'Orléans,24,Quebec / Québec,2420,L'Île-d'Orléans
7014160,2460028,L'Assomption,24,Quebec / Québec,2460,L'Assomption
7015791,2421904,Lac-Jacques-Cartier,24,Quebec / Québec,2421,La Côte-de-Beaupré
7016293,2423027,Québec,24,Quebec / Québec,2423,Québec
7018001,2436033,Shawinigan,24,Quebec / Québec,2436,Shawinigan
7018560,2437067,Trois-Rivières,24,Quebec / Québec,2437,Francheville
7018561,2437067,Trois-Rivières,24,Quebec / Québec,2437,Francheville
7018562,2437067,Trois-Rivières,24,Quebec / Québec,2437,Francheville
7018563,2437067,Trois-Rivières,24,Quebec / Québec,2437,Francheville
7018573,2422025,Saint-Gabriel-de-Valcartier,24,Quebec / Québec,2422,La Jacques-Cartier
701LP0N,2451015,Louiseville,24,Quebec / Québec,2451,Maskinongé
701Q004,2423027,Québec,24,Quebec / Québec,2423,Québec
701Q009,2438020,Lemieux,24,Quebec / Québec,2438,Bécancour
701S001,2423027,Québec,24,Quebec / Québec,2423,Québec
7022579,2446010,Frelighsburg,24,Quebec / Québec,2446,Brome-Missisquoi
7022802,2447017,Granby,24,Quebec / Québec,2447,La Haute-Yamaska
7024280,2443027,Sherbrooke,24,Quebec / Québec,2443,Sherbrooke
7024745,2466023,Montréal,24,Quebec / Québec,2466,Montréal
7025251,2466023,Montréal,24,Quebec / Québec,2466,Montréal
7025442,2450072,Nicolet,24,Quebec / Québec,2450,Nicolet-Yamaska
7027039,2468020,Sainte-Clotilde,24,Quebec / Québec,2468,Les Jardins-de-Napierville
7027329,2458227,Longueuil,24,Quebec / Québec,2458,Longueuil
7027470,2449048,Saint-Germain-de-Grantham,24,Quebec / Québec,2449,Drummond
7028123,2441038,Cookshire-Eaton,24,Quebec / Québec,2441,Le Haut-Saint-François
7028442,2431084,Thetford Mines,24,Quebec / Québec,2431,Les Appalaches
7028754,2427028,Beauceville,24,Quebec / Québec,2427,Robert-Cliche
702CFGG,2445072,Magog,24,Quebec / Québec,2445,Memphrémagog
702FHL8,2466117,Sainte-Anne-de-Bellevue,24,Quebec / Québec,2466,Montréal
702FQLF,2469070,Saint-Anicet,24,Quebec / Québec,2469,Le Haut-Saint-Laurent
702LED4,2456083,Saint-Jean-sur-Richelieu,24,Quebec / Québec,2456,Le Haut-Richelieu
702S006,2466023,Montréal,24,Quebec / Québec,2466,Montréal
7032685,2481017,Gatineau,24,Quebec / Québec,2481,Gatineau
7033121,2480145,Bowman,24,Quebec / Québec,2480,Papineau
7034482,2483060,Messines,24,Quebec / Québec,2483,La Vallée-de-la-Gatineau
7034900,2474005,Mirabel,24,Quebec / Québec,2474,Mirabel
703GDKB,2478102,Mont-Tremblant,24,Quebec / Québec,2478,Les Laurentides
7040442,2496025,Pointe-Lebel,24,Quebec / Québec,2496,Manicouagan
7040444,2496025,Pointe-Lebel,24,Quebec / Québec,2496,Manicouagan
7040815,2498005,Blanc-Sablon,24,Quebec / Québec,2498,Minganie--Le Golfe-du-Saint-Laurent
7040816,2498005,Blanc-Sablon,24,Quebec / Québec,2498,Minganie--Le Golfe-du-Saint-Laurent
7041100,2498015,Côte-Nord-du-Golfe-du-Saint-Laurent,24,Quebec / Québec,2498,Minganie--Le Golfe-du-Saint-Laurent
7041166,2494230,Sainte-Rose-du-Nord,24,Quebec / Québec,2494,Le Saguenay-et-son-Fjord
7041312,2416005,Petite-Rivière-Saint-François,24,Quebec / Québec,2416,Charlevoix
7041382,2498015,Côte-Nord-du-Golfe-du-Saint-Laurent,24,Quebec / Québec,2498,Minganie--Le Golfe-du-Saint-Laurent
7041JG6,2421020,Saint-Joachim,24,Quebec / Québec,2421,La Côte-de-Beaupré
7042395,2421904,Lac-Jacques-Cartier,24,Quebec / Québec,2421,La Côte-de-Beaupré
7042845,2495018,Les Bergeronnes,24,Quebec / Québec,2495,La Haute-Côte-Nord
7043019,2498040,Havre-Saint-Pierre,24,Quebec / Québec,2498,Minganie--Le Golfe-du-Saint-Laurent
7043B79,2498045,Longue-Pointe-de-Mingan,24,Quebec / Québec,2498,Minganie--Le Golfe-du-Saint-Laurent
7043BP9,2495005,Tadoussac,24,Quebec / Québec,2495,La Haute-Côte-Nord
7044328,2498045,Longue-Pointe-de-Mingan,24,Quebec / Québec,2498,Minganie--Le Golfe-du-Saint-Laurent
7045326,2421025,Beaupré,24,Quebec / Québec,2421,La Côte-de-Beaupré
7045398,2498025,Natashquan,24,Quebec / Québec,2498,Minganie--Le Golfe-du-Saint-Laurent
7045401,2498025,Natashquan,24,Quebec / Québec,2498,Minganie--Le Golfe-du-Saint-Laurent
7046059,2495005,Tadoussac,24,Quebec / Québec,2495,La Haute-Côte-Nord
704607C,2494930,Mont-Valin,24,Quebec / Québec,2494,Le Saguenay-et-son-Fjord
7047911,2497007,Sept-Îles,24,Quebec / Québec,2497,Sept-Rivières--Caniapiscau
7047914,2497007,Sept-Îles,24,Quebec / Québec,2497,Sept-Rivières--Caniapiscau
704C64L,2498904,Lac-Jérôme,24,Quebec / Québec,2498,Minganie--Le Golfe-du-Saint-Laurent
704F0PN,2496005,Baie-Trinité,24,Quebec / Québec,2496,Manicouagan
704Q003,2497007,Sept-Îles,24,Quebec / Québec,2497,Sept-Rivières--Caniapiscau
704S001,2496020,Baie-Comeau,24,Quebec / Québec,2496,Manicouagan
7051050,2402005,Percé,24,Quebec / Québec,2402,Le Rocher-Percé
7051163,2404005,Sainte-Madeleine-de-la-Rivière-Madeleine,24,Quebec / Québec,2404,La Haute-Gaspésie
7051201,2407018,Causapscal,24,Quebec / Québec,2407,La Matapédia
7052601,2403005,Gaspé,24,Quebec / Québec,2403,La Côte-de-Gaspé
7052602,2403005,Gaspé,24,Quebec / Québec,2403,La Côte-de-Gaspé
7053038,2498020,L'Île-d'Anticosti,24,Quebec / Québec,2498,Minganie--Le Golfe-du-Saint-Laurent
7053254,2401023,Les Îles-de-la-Madeleine,24,Quebec / Québec,2401,Les Îles-de-la-Madeleine
7053KGR,2401023,Les Îles-de-la-Madeleine,24,Quebec / Québec,2401,Les Îles-de-la-Madeleine
7054096,2414090,Sainte-Anne-de-la-Pocatière,24,Quebec / Québec,2414,Kamouraska
7055121,2409077,Mont-Joli,24,Quebec / Québec,2409,La Mitis
7055122,2409077,Mont-Joli,24,Quebec / Québec,2409,La Mitis
7055422,2405040,New Carlisle,24,Quebec / Québec,2405,Bonaventure
7055440,2405070,New Richmond,24,Quebec / Québec,2405,Bonaventure
7056068,2410043,Rimouski,24,Quebec / Québec,2410,Rimouski-Neigette
7056202,2498020,L'Île-d'Anticosti,24,Quebec / Québec,2498,Minganie--Le Golfe-du-Saint-Laurent
7056616,2412072,Rivière-du-Loup,24,Quebec / Québec,2412,Rivière-du-Loup
7056870,2412015,Saint-Antonin,24,Quebec / Québec,2412,Rivière-du-Loup
705LKPQ,2410043,Rimouski,24,Quebec / Québec,2410,Rimouski-Neigette
705S002,2404047,Cap-Chat,24,Quebec / Québec,2404,La Haute-Gaspésie
7060400,2494068,Saguenay,24,Quebec / Québec,2494,Le Saguenay-et-son-Fjord
7060826,2494930,Mont-Valin,24,Quebec / Québec,2494,Le Saguenay-et-son-Fjord
7061288,2492904,Rivière-Mistassini,24,Quebec / Québec,2492,Maria-Chapdelaine
7061541,2494930,Mont-Valin,24,Quebec / Québec,2494,Le Saguenay-et-son-Fjord
7063370,2494068,Saguenay,24,Quebec / Québec,2494,Le Saguenay-et-son-Fjord
7064181,2494068,Saguenay,24,Quebec / Québec,2494,Le Saguenay-et-son-Fjord
7065012,2493042,Alma,24,Quebec / Québec,2493,Lac-Saint-Jean-Est
7065639,2492040,Normandin,24,Quebec / Québec,2492,Maria-Chapdelaine
7065738,2494930,Mont-Valin,24,Quebec / Québec,2494,Le Saguenay-et-son-Fjord
7066686,2491025,Roberval,24,Quebec / Québec,2491,Le Domaine-du-Roy
7066687,2491025,Roberval,24,Quebec / Québec,2491,Le Domaine-du-Roy
706I001,2494930,Mont-Valin,24,Quebec / Québec,2494,Le Saguenay-et-son-Fjord
706I155,2494930,Mont-Valin,24,Quebec / Québec,2494,Le Saguenay-et-son-Fjord
706Q001,2494068,Saguenay,24,Quebec / Québec,2494,Le Saguenay-et-son-Fjord
7075800,2490012,La Tuque,24,Quebec / Québec,2490,La Tuque
7077571,2462908,Lac-Matawin,24,Quebec / Québec,2462,Matawinie
707DBD4,2490012,La Tuque,24,Quebec / Québec,2490,La Tuque
7080468,2485005,Témiscaming,24,Quebec / Québec,2485,Témiscamingue
7086716,2486042,Rouyn-Noranda,24,Quebec / Québec,2486,Rouyn-Noranda
7086719,2486042,Rouyn-Noranda,24,Quebec / Québec,2486,Rouyn-Noranda
7091299,2499060,Eeyou Istchee Baie-James,24,Quebec / Québec,2499,Nord-du-Québec
7091409,2499060,Eeyou Istchee Baie-James,24,Quebec / Québec,2499,Nord-du-Québec
7091410,2499060,Eeyou Istchee Baie-James,24,Quebec / Québec,2499,Nord-du-Québec
7092310,2499810,Eastmain,24,Quebec / Québec,2499,Nord-du-Québec
7093714,2499060,Eeyou Istchee Baie-James,24,Quebec / Québec,2499,Nord-du-Québec
7093716,2499060,Eeyou Istchee Baie-James,24,Quebec / Québec,2499,Nord-du-Québec
7093GJ5,2499060,Eeyou Istchee Baie-James,24,Quebec / Québec,2499,Nord-du-Québec
7094636,2499015,Matagami,24,Quebec / Québec,2499,Nord-du-Québec
7094637,2499015,Matagami,24,Quebec / Québec,2499,Nord-du-Québec
7098600,2489008,Val-d'Or,24,Quebec / Québec,2489,La Vallée-de-l'Or
7098603,2489008,Val-d'Or,24,Quebec / Québec,2489,La Vallée-de-l'Or
7098605,2489008,Val-d'Or,24,Quebec / Québec,2489,La Vallée-de-l'Or
7098898,2499806,Waskaganish,24,Quebec / Québec,2499,Nord-du-Québec
7098908,2499060,Eeyou Istchee Baie-James,24,Quebec / Québec,2499,Nord-du-Québec
7100072,2499125,Akulivik,24,Quebec / Québec,2499,Nord-du-Québec
7103280,2499085,Inukjuak,24,Quebec / Québec,2499,Nord-du-Québec
7103329,2499140,Ivujivik,24,Quebec / Québec,2499,Nord-du-Québec
7103537,2499075,Kuujjuarapik,24,Quebec / Québec,2499,Nord-du-Québec
7103539,2499904,Baie-d'Hudson,24,Quebec / Québec,2499,Nord-du-Québec
7106223,2499120,Puvirnituq,24,Quebec / Québec,2499,Nord-du-Québec
7108564,2499080,Umiujaq,24,Quebec / Québec,2499,Nord-du-Québec
710S005,2499085,Inukjuak,24,Quebec / Québec,2499,Nord-du-Québec
7110601,2499105,Aupaluk,24,Quebec / Québec,2499,Nord-du-Québec
7113380,2499130,Kangiqsujuaq,24,Quebec / Québec,2499,Nord-du-Québec
7113384,2499110,Kangirsuk,24,Quebec / Québec,2499,Nord-du-Québec
7113391,2499090,Kangiqsualujjuaq,24,Quebec / Québec,2499,Nord-du-Québec
7113535,2499095,Kuujjuaq,24,Quebec / Québec,2499,Nord-du-Québec
7115800,2499902,Rivière-Koksoak,24,Quebec / Québec,2499,Nord-du-Québec
7116273,2499115,Quaqtaq,24,Quebec / Québec,2499,Nord-du-Québec
7116505,2499902,Rivière-Koksoak,24,Quebec / Québec,2499,Nord-du-Québec
7117800,2499135,Salluit,24,Quebec / Québec,2499,Nord-du-Québec
7117802,2499135,Salluit,24,Quebec / Québec,2499,Nord-du-Québec
7117823,2497040,Schefferville,24,Quebec / Québec,2497,Sept-Rivières--Caniapiscau
7117824,2497040,Schefferville,24,Quebec / Québec,2497,Sept-Rivières--Caniapiscau
7118366,2499892,Tasiujaq,24,Quebec / Québec,2499,Nord-du-Québec
4010811,4706013,Bratt's Lake No. 129,47,Saskatchewan,4706,Division No.  6
4010879,4705028,Elcapo No. 154,47,Saskatchewan,4705,Division No.  5
4010984,4707038,Moose Jaw No. 161,47,Saskatchewan,4707,Division No.  7
4012403,4701022,Estevan No. 5,47,Saskatchewan,4701,Division No.  1
4012410,4701022,Estevan No. 5,47,Saskatchewan,4701,Division No.  1
4013480,4706038,Indian Head No. 156,47,Saskatchewan,4706,Division No.  6
4013660,4710008,Kellross No. 247,47,Saskatchewan,4710,Division No. 10
4014040,4705014,Kingsley No. 124,47,Saskatchewan,4705,Division No.  5
4014156,4711042,Wreford No. 280,47,Saskatchewan,4711,Division No. 11
4014322,4710056,Leroy No. 339,47,Saskatchewan,4710,Division No. 10
4014481,4710008,Kellross No. 247,47,Saskatchewan,4710,Division No. 10
4015322,4707038,Moose Jaw No. 161,47,Saskatchewan,4707,Division No.  7
4015440,4715001,St. Peter No. 369,47,Saskatchewan,4715,Division No. 15
4015800,4701036,Moose Creek No. 33,47,Saskatchewan,4701,Division No.  1
4015870,4709023,Insinger No. 275,47,Saskatchewan,4709,Division No.  9
4016322,4706034,South Qu'Appelle No. 157,47,Saskatchewan,4706,Division No.  6
4016566,4706027,Regina,47,Saskatchewan,4706,Division No.  6
4016699,4706027,Regina,47,Saskatchewan,4706,Division No.  6
4018642,4711046,Usborne No. 310,47,Saskatchewan,4711,Division No. 11
4019041,4702069,Scott No. 98,47,Saskatchewan,4702,Division No.  2
4019073,4709011,Orkney No. 244,47,Saskatchewan,4709,Division No.  9
4019075,4709011,Orkney No. 244,47,Saskatchewan,4709,Division No.  9
40190LN,4710046,Big Quill No. 308,47,Saskatchewan,4710,Division No. 10
401HP5R,4702044,Weyburn No. 67,47,Saskatchewan,4702,Division No.  2
4020286,4703034,Lake of the Rivers No. 72,47,Saskatchewan,4703,Division No.  3
4020560,4707063,Victory No. 226,47,Saskatchewan,4707,Division No.  7
4022359,4711018,Loreburn No. 254,47,Saskatchewan,4711,Division No. 11
4022363,4711018,Loreburn No. 254,47,Saskatchewan,4711,Division No. 11
4023240,4708042,Lacadena No. 228,47,Saskatchewan,4708,Division No.  8
4024714,4707058,Canaan No. 225,47,Saskatchewan,4707,Division No.  7
4024919,4704048,Maple Creek,47,Saskatchewan,4704,Division No.  4
4026847,4707066,King George No. 256,47,Saskatchewan,4707,Division No.  7
4027775,4708039,Stewart Valley,47,Saskatchewan,4708,Division No.  8
4028038,4708001,Swift Current No. 137,47,Saskatchewan,4708,Division No.  8
4028060,4708001,Swift Current No. 137,47,Saskatchewan,4708,Division No.  8
402DAF0,4708056,Happyland No. 231,47,Saskatchewan,4708,Division No.  8
40318MN,4703001,Hart Butte No. 11,47,Saskatchewan,4703,Division No.  3
4031999,4704045,Maple Creek No. 111,47,Saskatchewan,4704,Division No.  4
4032322,4704024,White Valley No. 49,47,Saskatchewan,4704,Division No.  4
4034910,4703018,Mankota No. 45,47,Saskatchewan,4703,Division No.  3
4036844,4703006,Poplar Valley No. 12,47,Saskatchewan,4703,Division No.  3
4038412,4704003,Val Marie No. 17,47,Saskatchewan,4704,Division No.  4
4040587,4708074,Snipe Lake No. 259,47,Saskatchewan,4708,Division No.  8
4041000,4717032,Frenchman Butte No. 501,47,Saskatchewan,4717,Division No. 17
4043899,4713006,Kindersley No. 290,47,Saskatchewan,4713,Division No. 13
4043901,4713006,Kindersley No. 290,47,Saskatchewan,4713,Division No. 13
4045607,4716029,North Battleford,47,Saskatchewan,4716,Division No. 16
4045695,4716029,North Battleford,47,Saskatchewan,4716,Division No. 16
4046884,4712004,St. Andrews No. 287,47,Saskatchewan,4712,Division No. 12
4047240,4713062,Scott,47,Saskatchewan,4713,Division No. 13
4047644,4712069,Glenside No. 377,47,Saskatchewan,4712,Division No. 12
4048521,4717017,Eldon No. 471,47,Saskatchewan,4717,Division No. 17
4055079,4714047,Star City No. 428,47,Saskatchewan,4714,Division No. 14
4055736,4711026,Rudy No. 284,47,Saskatchewan,4711,Division No. 11
4056121,4715044,Three Lakes No. 400,47,Saskatchewan,4715,Division No. 15
4056241,4715066,Prince Albert,47,Saskatchewan,4715,Division No. 15
4056243,4715066,Prince Albert,47,Saskatchewan,4715,Division No. 15
4057152,4711066,Saskatoon,47,Saskatchewan,4711,Division No. 11
4057165,4711066,Saskatoon,47,Saskatchewan,4711,Division No. 11
4060983,4718070,Buffalo Narrows,47,Saskatchewan,4718,Division No. 18
4060988,4718070,Buffalo Narrows,47,Saskatchewan,4718,Division No. 18
4061570,4718090,"Division No. 18, Unorganized",47,Saskatchewan,4718,Division No. 18
4061620,4718090,"Division No. 18, Unorganized",47,Saskatchewan,4718,Division No. 18
4061632,4718090,"Division No. 18, Unorganized",47,Saskatchewan,4718,Division No. 18
4063605,4718090,"Division No. 18, Unorganized",47,Saskatchewan,4718,Division No. 18
4063623,4718090,"Division No. 18, Unorganized",47,Saskatchewan,4718,Division No. 18
4063753,4718090,"Division No. 18, Unorganized",47,Saskatchewan,4718,Division No. 18
4063757,4718090,"Division No. 18, Unorganized",47,Saskatchewan,4718,Division No. 18
4064149,4718090,"Division No. 18, Unorganized",47,Saskatchewan,4718,Division No. 18
4064155,4718041,La Ronge,47,Saskatchewan,4718,Division No. 18
4064620,4717056,Loon Lake No. 561,47,Saskatchewan,4717,Division No. 17
4065063,4717054,Meadow Lake No. 588,47,Saskatchewan,4717,Division No. 17
4067655,4718826,Southend No. 200A,47,Saskatchewan,4718,Division No. 18
4067723,4716056,Spiritwood No. 496,47,Saskatchewan,4716,Division No. 16
4067799,4718090,"Division No. 18, Unorganized",47,Saskatchewan,4718,Division No. 18
4068559,4716053,Prince Albert National Park,47,Saskatchewan,4716,Division No. 16
406N0NM,4717054,Meadow Lake No. 588,47,Saskatchewan,4717,Division No. 17
406QLD0,4718090,"Division No. 18, Unorganized",47,Saskatchewan,4718,Division No. 18
4075525,4714072,Nipawin No. 487,47,Saskatchewan,4714,Division No. 14
407N51G,4714072,Nipawin No. 487,47,Saskatchewan,4714,Division No. 14
4083324,4714001,Hudson Bay No. 394,47,Saskatchewan,4714,Division No. 14
2100155,6001045,"Yukon, Unorganized",60,Yukon,6001,Yukon
2100181,6001039,Burwash Landing,60,Yukon,6001,Yukon
2100184,6001039,Burwash Landing,60,Yukon,6001,Yukon
2100301,6001012,Carmacks,60,Yukon,6001,Yukon
2100407,6001045,"Yukon, Unorganized",60,Yukon,6001,Yukon
2100518,6001045,"Yukon, Unorganized",60,Yukon,6001,Yukon
2100527,6001045,"Yukon, Unorganized",60,Yukon,6001,Yukon
2100630,6001018,Haines Junction,60,Yukon,6001,Yukon
2100636,6001045,"Yukon, Unorganized",60,Yukon,6001,Yukon
2100660,6001045,"Yukon, Unorganized",60,Yukon,6001,Yukon
2100682,6001045,"Yukon, Unorganized",60,Yukon,6001,Yukon
2100693,6001045,"Yukon, Unorganized",60,Yukon,6001,Yukon
2100697,6001045,"Yukon, Unorganized",60,Yukon,6001,Yukon
2100701,6001022,Mayo,60,Yukon,6001,Yukon
2100702,6001022,Mayo,60,Yukon,6001,Yukon
2100805,6001043,Old Crow,60,Yukon,6001,Yukon
2100807,6001043,Old Crow,60,Yukon,6001,Yukon
2100840,6001045,"Yukon, Unorganized",60,Yukon,6001,Yukon
2100935,6001045,"Yukon, Unorganized",60,Yukon,6001,Yukon
2100950,6001045,"Yukon, Unorganized",60,Yukon,6001,Yukon
2100LRP,6001045,"Yukon, Unorganized",60,Yukon,6001,Yukon
2101095,6001059,Macpherson-Grizzly Valley,60,Yukon,6001,Yukon
2101102,6001007,Teslin Post 13,60,Yukon,6001,Yukon
2101106,6001007,Teslin Post 13,60,Yukon,6001,Yukon
2101201,6001045,"Yukon, Unorganized",60,Yukon,6001,Yukon
2101202,6001045,"Yukon, Unorganized",60,Yukon,6001,Yukon
2101204,6001045,"Yukon, Unorganized",60,Yukon,6001,Yukon
2101303,6001009,Whitehorse,60,Yukon,6001,Yukon
2101310,6001009,Whitehorse,60,Yukon,6001,Yukon
